pharmacy_key,pharmacy_name,city,start_date,end_date,duty_type,source,timezone
ph_c0824bf17888,CHOQUET (NLLE),Bondoukou,2026-01-31,2026-02-07,24H,UNPPCI,Africa/Abidjan
ph_844a6a225efd,DU LYCEE,Bondoukou,2026-01-31,2026-02-07,24H,UNPPCI,Africa/Abidjan
ph_0924f699f237,DU MARCHE,Abengourou,2026-02-07,2026-02-13,24H,UNPPCI,Africa/Abidjan
ph_7921ae7cf6d2,STE FAMILLE,Abengourou,2026-02-07,2026-02-13,24H,UNPPCI,Africa/Abidjan
ph_d27af726c58f,DIVINE MISERICORDE,Aboisso,2026-02-07,2026-02-13,24H,UNPPCI,Africa/Abidjan
ph_6d751df423e1,DE LA GARE,Adiake,2026-02-07,2026-02-13,24H,UNPPCI,Africa/Abidjan
ph_532677a91972,AMIRA,Adzope,2026-02-07,2026-02-13,24H,UNPPCI,Africa/Abidjan
ph_f6b4c6157b96,D'ADZOPE,Adzope,2026-02-07,2026-02-13,24H,UNPPCI,Africa/Abidjan
ph_fd1b3b150702,DU CHATEAU,Agboville,2026-02-07,2026-02-13,24H,UNPPCI,Africa/Abidjan
ph_1d2735f3cc29,EL KABOD,Agboville,2026-02-07,2026-02-13,24H,UNPPCI,Africa/Abidjan
ph_dfe737fa5183,AVENIR SANTE (EX K. BOILOT),Agnibilekro,2026-02-07,2026-02-13,24H,UNPPCI,Africa/Abidjan
ph_2b24a9b47a2b,KATA,Bayota,2026-02-07,2026-02-13,24H,UNPPCI,Africa/Abidjan
ph_5dba50872b19,DU ZANZAN,Bondoukou,2026-02-07,2026-02-14,24H,UNPPCI,Africa/Abidjan
ph_4667ce0bfd7d,NOTRE DAME DE BONDOUKOU,Bondoukou,2026-02-07,2026-02-14,24H,UNPPCI,Africa/Abidjan
ph_d28eb47891d7,DU GRAND MARCHE,Bonoua,2026-02-07,2026-02-13,24H,UNPPCI,Africa/Abidjan
ph_95296ec09352,CARREFOUR,Bouafle,2026-02-07,2026-02-13,24H,UNPPCI,Africa/Abidjan
ph_0524a6c5f167,MAGNIFICAT DE BOUAFLE,Bouafle,2026-02-07,2026-02-13,24H,UNPPCI,Africa/Abidjan
ph_14b445d11b7d,BEL AIR,Bouake,2026-02-07,2026-02-13,24H,UNPPCI,Africa/Abidjan
ph_37da4817e5d3,FATIMA,Bouake,2026-02-07,2026-02-13,24H,UNPPCI,Africa/Abidjan
ph_885c802f4c2e,KOKO,Bouake,2026-02-07,2026-02-13,24H,UNPPCI,Africa/Abidjan
ph_7226249e79e4,LAEL,Bouake,2026-02-07,2026-02-13,24H,UNPPCI,Africa/Abidjan
ph_be1ec43fb90c,MODERNE KENNEDY / M.TOA BI IRIE,Bouake,2026-02-07,2026-02-13,24H,UNPPCI,Africa/Abidjan
ph_212724a271ea,NOTRE DAME DE LA PAIX,Bouake,2026-02-07,2026-02-13,24H,UNPPCI,Africa/Abidjan
ph_565ca7866b3e,SAINT JEAN,Bouake,2026-02-07,2026-02-13,24H,UNPPCI,Africa/Abidjan
ph_75306f1790b2,SAINT MARC BROUKRO,Bouake,2026-02-07,2026-02-13,24H,UNPPCI,Africa/Abidjan
ph_f6e22de2ed8c,SAINTE FAMILLE DE TOLLAKOUADIOKRO,Bouake,2026-02-07,2026-02-13,24H,UNPPCI,Africa/Abidjan
ph_84a368b319e5,ABRAHAM,Dabou,2026-02-07,2026-02-13,24H,UNPPCI,Africa/Abidjan
ph_82bda65b65bc,TEHIA,Dabou,2026-02-07,2026-02-13,24H,UNPPCI,Africa/Abidjan
ph_0031de9d7bc6,ADONAI D'ORLY,Daloa,2026-02-07,2026-02-13,24H,UNPPCI,Africa/Abidjan
ph_bb6bd71d11a0,DU COMMERCE,Daloa,2026-02-07,2026-02-13,24H,UNPPCI,Africa/Abidjan
ph_f64373643c11,DU SOLEIL (NLLE),Daloa,2026-02-07,2026-02-13,24H,UNPPCI,Africa/Abidjan
ph_c8624efb9408,ST JOSEPH,Daloa,2026-02-07,2026-02-13,24H,UNPPCI,Africa/Abidjan
ph_d938ced082e5,STE EMMANUELLA,Daloa,2026-02-07,2026-02-13,24H,UNPPCI,Africa/Abidjan
ph_1ce47df642b8,MODERNE,Danane,2026-02-07,2026-02-13,24H,UNPPCI,Africa/Abidjan
ph_7d91f1121659,HAMANY,Diegonefla,2026-02-07,2026-02-13,24H,UNPPCI,Africa/Abidjan
ph_c1f8ba91d019,DU MARCHE,Divo,2026-02-07,2026-02-13,24H,UNPPCI,Africa/Abidjan
ph_6bccdd33e04c,HARMONY,Divo,2026-02-07,2026-02-13,24H,UNPPCI,Africa/Abidjan
ph_c531b1ce25f8,IN'CHALLA,Divo,2026-02-07,2026-02-13,24H,UNPPCI,Africa/Abidjan
ph_b111f2df086e,SAINTE VERONIQUE,Divo,2026-02-07,2026-02-13,24H,UNPPCI,Africa/Abidjan
ph_52c68fc4c3c1,DE DUEKOUE (GRANDE),Duekoue,2026-02-07,2026-02-13,24H,UNPPCI,Africa/Abidjan
ph_eab0ad0dfec8,DIVINE GRACE,Duekoue,2026-02-07,2026-02-13,24H,UNPPCI,Africa/Abidjan
ph_c922167dc1ce,AHOUANE,Gagnoa,2026-02-07,2026-02-13,24H,UNPPCI,Africa/Abidjan
ph_6623c312a7bb,DE BARHYO / M.EZOA JEAN ADJE KOUAME,Gagnoa,2026-02-07,2026-02-13,PARTIELLE,UNPPCI,Africa/Abidjan
ph_91552c0f4d2f,DU MARCHE,Gagnoa,2026-02-07,2026-02-13,24H,UNPPCI,Africa/Abidjan
ph_030c2e94511e,MANUELLA,Gagnoa,2026-02-07,2026-02-13,PARTIELLE,UNPPCI,Africa/Abidjan
ph_f5d8e41e419b,MARLYNS,Gagnoa,2026-02-07,2026-02-13,24H,UNPPCI,Africa/Abidjan
ph_71d53ec12986,LE REEL,Grand-Bassam,2026-02-07,2026-02-13,24H,UNPPCI,Africa/Abidjan
ph_854446dcd341,SAINTE EUNICE,Grand-Bassam,2026-02-07,2026-02-13,24H,UNPPCI,Africa/Abidjan
ph_caf6dd6cb8c3,WASSIA,Grand-Bassam,2026-02-07,2026-02-13,24H,UNPPCI,Africa/Abidjan
ph_aa3b68ff8d91,MORIJAH,Guiglo,2026-02-07,2026-02-13,24H,UNPPCI,Africa/Abidjan
ph_d3c9ac35fc23,DIVINE GRACE,Issia,2026-02-07,2026-02-13,24H,UNPPCI,Africa/Abidjan
ph_a928dfb3ec8f,HADASSA (GDE),Issia,2026-02-07,2026-02-13,24H,UNPPCI,Africa/Abidjan
ph_2555a56e733a,DU NORD,Korhogo,2026-02-07,2026-02-13,24H,UNPPCI,Africa/Abidjan
ph_a7e2a01b0e9e,NASSARA,Korhogo,2026-02-07,2026-02-13,24H,UNPPCI,Africa/Abidjan
ph_87e19a3dfcf4,NOUR,Korhogo,2026-02-07,2026-02-13,24H,UNPPCI,Africa/Abidjan
ph_bf09a711fcf4,NOUVEAU QUARTIER,Korhogo,2026-02-07,2026-02-13,24H,UNPPCI,Africa/Abidjan
ph_0775c7169531,SOBA,Korhogo,2026-02-07,2026-02-13,24H,UNPPCI,Africa/Abidjan
ph_d00d86523124,DU COMMERCE,Man,2026-02-07,2026-02-13,24H,UNPPCI,Africa/Abidjan
ph_7664bd3f3017,KHIANELLY,Man,2026-02-07,2026-02-13,24H,UNPPCI,Africa/Abidjan
ph_b92d598c5d27,LIBREVILLE / M.KOUAME YAO BROU HYLAIRE,Man,2026-02-07,2026-02-13,24H,UNPPCI,Africa/Abidjan
ph_04031445d8d9,LYCEE CLUB,Man,2026-02-07,2026-02-13,24H,UNPPCI,Africa/Abidjan
ph_2bd7fc48ce98,DU STADE ODIENNE,Odienne,2026-02-07,2026-02-13,24H,UNPPCI,Africa/Abidjan
ph_3788f3c5d621,DE LA CITE (NVLLE),San Pedro,2026-02-07,2026-02-13,24H,UNPPCI,Africa/Abidjan
ph_a9cf6f391794,DO SARL,San Pedro,2026-02-07,2026-02-13,24H,UNPPCI,Africa/Abidjan
ph_344be3e0f395,DU BIEN ETRE,San Pedro,2026-02-07,2026-02-13,24H,UNPPCI,Africa/Abidjan
ph_8788ef7bac2a,DU LAC,San Pedro,2026-02-07,2026-02-13,24H,UNPPCI,Africa/Abidjan
ph_9bfab1f76f84,TERRE ROUGE,San Pedro,2026-02-07,2026-02-13,24H,UNPPCI,Africa/Abidjan
ph_7a78d5f14108,PRINCIPALE DE SINFRA,Sinfra,2026-02-07,2026-02-13,24H,UNPPCI,Africa/Abidjan
ph_3f3f01454180,DE SONGON,Songon / Km 17,2026-02-07,2026-02-13,24H,UNPPCI,Africa/Abidjan
ph_a2efc83dc7ac,ST SAUVEUR,Songon / Km 17,2026-02-07,2026-02-13,24H,UNPPCI,Africa/Abidjan
ph_9c13b79073ce,DE LA MOSQUEE,Soubre,2026-02-07,2026-02-13,24H,UNPPCI,Africa/Abidjan
ph_a1e6f216e136,DU CHATEAU SARL,Soubre,2026-02-07,2026-02-13,24H,UNPPCI,Africa/Abidjan
ph_188d0cb98ac3,SAINT JOSEPH (NVLLE),Tiassale,2026-02-07,2026-02-13,24H,UNPPCI,Africa/Abidjan
ph_65c9bc87f695,DE LA CAPITALE (GRANDE),Yamoussoukro,2026-02-07,2026-02-13,24H,UNPPCI,Africa/Abidjan
ph_3159641edc89,DES LACS,Yamoussoukro,2026-02-07,2026-02-13,24H,UNPPCI,Africa/Abidjan
ph_b80dee254116,KOKRENOU,Yamoussoukro,2026-02-07,2026-02-13,24H,UNPPCI,Africa/Abidjan
ph_5350901b9f69,LE BELIER,Yamoussoukro,2026-02-07,2026-02-13,24H,UNPPCI,Africa/Abidjan
ph_c9b789fd9bcc,LES MAGNOLIAS,Yamoussoukro,2026-02-07,2026-02-13,24H,UNPPCI,Africa/Abidjan
ph_58f4146d5db6,MILLIWANGA,Yamoussoukro,2026-02-07,2026-02-13,24H,UNPPCI,Africa/Abidjan
ph_f504747cd3ca,BELLE FONTAINE (GRDE),Abengourou,2026-02-14,2026-02-20,24H,UNPPCI,Africa/Abidjan
ph_21a81368e668,DE L'INDENIE,Abengourou,2026-02-14,2026-02-20,24H,UNPPCI,Africa/Abidjan
ph_9cedbcf685e4,GRACE MARIE CHRIST,Aboisso,2026-02-14,2026-02-20,24H,UNPPCI,Africa/Abidjan
ph_3fc0cd422dff,D'ADIAKE,Adiake,2026-02-14,2026-02-20,24H,UNPPCI,Africa/Abidjan
ph_6ab39cc693d2,EUREKA,Adzope,2026-02-14,2026-02-20,24H,UNPPCI,Africa/Abidjan
ph_5a8bab80afed,LOUISE-ANTOINE,Adzope,2026-02-14,2026-02-20,24H,UNPPCI,Africa/Abidjan
ph_f2e782af0c0d,DE L'AGNEBY (GDE),Agboville,2026-02-14,2026-02-20,24H,UNPPCI,Africa/Abidjan
ph_a9367751aadf,DU COMMERCE (GDE),Agboville,2026-02-14,2026-02-20,24H,UNPPCI,Africa/Abidjan
ph_addcc5071eb2,MAIRIE-NORD,Agnibilekro,2026-02-14,2026-02-20,24H,UNPPCI,Africa/Abidjan
ph_13ee49e76df3,APPY-MOYA,Bayota,2026-02-14,2026-02-20,24H,UNPPCI,Africa/Abidjan
ph_1606fe435b4f,BONDOUKOU- MARCHE,Bondoukou,2026-02-14,2026-02-21,24H,UNPPCI,Africa/Abidjan
ph_880a7d1a52ac,NOUVELLE,Bondoukou,2026-02-14,2026-02-21,24H,UNPPCI,Africa/Abidjan
ph_738fa0628cc9,EDEN,Bonoua,2026-02-14,2026-02-20,24H,UNPPCI,Africa/Abidjan
ph_5948006e3b18,DE L'ALLIANCE (NLLE),Bouafle,2026-02-14,2026-02-20,24H,UNPPCI,Africa/Abidjan
ph_376e86f9f643,FELY,Bouafle,2026-02-14,2026-02-20,24H,UNPPCI,Africa/Abidjan
ph_90e371f03610,DAR ES SALAM,Bouake,2026-02-14,2026-02-20,24H,UNPPCI,Africa/Abidjan
ph_8a59b5f1887c,DES SAVANES (NLLE),Bouake,2026-02-14,2026-02-20,24H,UNPPCI,Africa/Abidjan
ph_2c61b76738bd,DU CENTRE,Bouake,2026-02-14,2026-02-20,24H,UNPPCI,Africa/Abidjan
ph_2aae9b2cb981,DU GBEKE,Bouake,2026-02-14,2026-02-20,24H,UNPPCI,Africa/Abidjan
ph_1259f0b984bd,KENEYA (NLLE),Bouake,2026-02-14,2026-02-20,24H,UNPPCI,Africa/Abidjan
ph_2377d88922bd,MARCHE MAROC,Bouake,2026-02-14,2026-02-20,24H,UNPPCI,Africa/Abidjan
ph_78b7344b4a48,NLLE DU CHATEAU,Bouake,2026-02-14,2026-02-20,24H,UNPPCI,Africa/Abidjan
ph_f4528bb89db3,PETIT MARCHE BELLEVILLE 2,Bouake,2026-02-14,2026-02-20,24H,UNPPCI,Africa/Abidjan
ph_315f8361c5d6,T S F (GRANDE),Bouake,2026-02-14,2026-02-20,24H,UNPPCI,Africa/Abidjan
ph_3a6d85ec0b0a,DES VILLAGES,Dabou,2026-02-14,2026-02-20,24H,UNPPCI,Africa/Abidjan
ph_22873f38057b,DU MARCHE,Dabou,2026-02-14,2026-02-20,24H,UNPPCI,Africa/Abidjan
ph_cde695770366,DES ANTILOPES,Daloa,2026-02-14,2026-02-20,24H,UNPPCI,Africa/Abidjan
ph_c914e3ba83df,DU PARVIS,Daloa,2026-02-14,2026-02-20,24H,UNPPCI,Africa/Abidjan
ph_a65216c08477,FATIMA ORLY,Daloa,2026-02-14,2026-02-20,24H,UNPPCI,Africa/Abidjan
ph_7630c7627799,FLOREL( NOUVELLE),Daloa,2026-02-14,2026-02-20,24H,UNPPCI,Africa/Abidjan
ph_cb8c8de90e70,PALOMA,Daloa,2026-02-14,2026-02-20,24H,UNPPCI,Africa/Abidjan
ph_f69ec2a29a8b,SALEM,Danane,2026-02-14,2026-02-20,24H,UNPPCI,Africa/Abidjan
ph_b3b85aaa9f83,MAIRIE (GRANDE),Diegonefla,2026-02-14,2026-02-20,24H,UNPPCI,Africa/Abidjan
ph_af6a6925accf,CENTRALE,Divo,2026-02-14,2026-02-20,24H,UNPPCI,Africa/Abidjan
ph_9cd4c8df3dce,DE LA MAIRIE,Divo,2026-02-14,2026-02-20,24H,UNPPCI,Africa/Abidjan
ph_419ba673412e,FATIMA,Divo,2026-02-14,2026-02-20,24H,UNPPCI,Africa/Abidjan
ph_23defd380496,GARE DE HIRE,Divo,2026-02-14,2026-02-20,24H,UNPPCI,Africa/Abidjan
ph_5a01fc648863,KOKOMAN VIE,Duekoue,2026-02-14,2026-02-20,24H,UNPPCI,Africa/Abidjan
ph_6f504330f8b8,WAHON,Duekoue,2026-02-14,2026-02-20,24H,UNPPCI,Africa/Abidjan
ph_80f0c287aef9,CENTRALE,Gagnoa,2026-02-14,2026-02-20,24H,UNPPCI,Africa/Abidjan
ph_672615f19623,DU CHATEAU,Gagnoa,2026-02-14,2026-02-20,24H,UNPPCI,Africa/Abidjan
ph_030c2e94511e,MANUELLA,Gagnoa,2026-02-14,2026-02-20,PARTIELLE,UNPPCI,Africa/Abidjan
ph_b68604293ba5,NOTRE DAME IMMACULEE CONCEPTION,Gagnoa,2026-02-14,2026-02-20,PARTIELLE,UNPPCI,Africa/Abidjan
ph_20059452fb32,STE PAULINE,Gagnoa,2026-02-14,2026-02-20,24H,UNPPCI,Africa/Abidjan
ph_53a58dba0683,DU MARCHE DE GRAND BASSAM,Grand-Bassam,2026-02-14,2026-02-20,24H,UNPPCI,Africa/Abidjan
ph_37fb89cf82f4,LEANA,Grand-Bassam,2026-02-14,2026-02-20,24H,UNPPCI,Africa/Abidjan
ph_3732fdb5e725,MOCKEYVILLE,Grand-Bassam,2026-02-14,2026-02-20,24H,UNPPCI,Africa/Abidjan
ph_18431136f7c2,PETIT MARCHE,Grand-Bassam,2026-02-14,2026-02-20,24H,UNPPCI,Africa/Abidjan
ph_a81febd94a5f,DE GUIGLO,Guiglo,2026-02-14,2026-02-20,24H,UNPPCI,Africa/Abidjan
ph_5e27b56a4ff3,(NOUVELLE) ESPOIR,Issia,2026-02-14,2026-02-20,24H,UNPPCI,Africa/Abidjan
ph_17b1174d787c,NOTRE DAME DE LA DELIVRANCE / M.KOUAME DJEMIS ANGE NOGUES,Issia,2026-02-14,2026-02-20,24H,UNPPCI,Africa/Abidjan
ph_d475c5ae8ac0,CHIGATA,Korhogo,2026-02-14,2026-02-20,24H,UNPPCI,Africa/Abidjan
ph_bdb9e459a1ed,NOTRE DAME,Korhogo,2026-02-14,2026-02-20,24H,UNPPCI,Africa/Abidjan
ph_ba025f00bbae,PALAIS DE JUSTICE,Korhogo,2026-02-14,2026-02-20,24H,UNPPCI,Africa/Abidjan
ph_de6deb5210bc,PRINCIPALE,Korhogo,2026-02-14,2026-02-20,24H,UNPPCI,Africa/Abidjan
ph_5fcf1eaea9aa,SANMIEN DE NATIO,Korhogo,2026-02-14,2026-02-20,24H,UNPPCI,Africa/Abidjan
ph_6772e077f6a1,DES CASCADES,Man,2026-02-14,2026-02-20,24H,UNPPCI,Africa/Abidjan
ph_356921a55a10,DI GEORGES,Man,2026-02-14,2026-02-20,24H,UNPPCI,Africa/Abidjan
ph_a0c41422133b,LA COLOMBE(NVLLE),Man,2026-02-14,2026-02-20,24H,UNPPCI,Africa/Abidjan
ph_6a86a66dfee1,LYMANYA,Man,2026-02-14,2026-02-20,24H,UNPPCI,Africa/Abidjan
ph_95b944f0b91a,DU DENGUELE,Odienne,2026-02-14,2026-02-20,24H,UNPPCI,Africa/Abidjan
ph_52b2e85d12e9,BEATITUDES,San Pedro,2026-02-14,2026-02-20,24H,UNPPCI,Africa/Abidjan
ph_bc6b7d87ed49,DE L'ARCHANGE,San Pedro,2026-02-14,2026-02-20,24H,UNPPCI,Africa/Abidjan
ph_6321b579f06e,DE LA VIE / M.GOSSO FRANCK GERARD,San Pedro,2026-02-14,2026-02-20,24H,UNPPCI,Africa/Abidjan
ph_a5454ff53a18,DES MOSQUEES,San Pedro,2026-02-14,2026-02-20,24H,UNPPCI,Africa/Abidjan
ph_55b4a95b7bcb,NITORO,San Pedro,2026-02-14,2026-02-20,24H,UNPPCI,Africa/Abidjan
ph_c51894e59f2c,DE LA GARE DE SINFRA / M.ZIEHI M. CHARLES,Sinfra,2026-02-14,2026-02-20,24H,UNPPCI,Africa/Abidjan
ph_83984bf1ad1c,APÔDJAN M'BRATHE,Songon / Km 17,2026-02-14,2026-02-20,24H,UNPPCI,Africa/Abidjan
ph_eb3790ffab12,NOTRE DAME DE LA PAIX,Songon / Km 17,2026-02-14,2026-02-20,24H,UNPPCI,Africa/Abidjan
ph_637782c953f2,DE L'IMMACULEE,Soubre,2026-02-14,2026-02-20,24H,UNPPCI,Africa/Abidjan
ph_de4802d2ac3b,DU SUD OUEST SARL,Soubre,2026-02-14,2026-02-20,24H,UNPPCI,Africa/Abidjan
ph_29044dbe84db,STE MARIE,Tiassale,2026-02-14,2026-02-20,24H,UNPPCI,Africa/Abidjan
ph_0eb87fec540c,DE LA FONDATION,Yamoussoukro,2026-02-14,2026-02-20,24H,UNPPCI,Africa/Abidjan
ph_59dedea14f58,DE LA MOSQUEE,Yamoussoukro,2026-02-14,2026-02-20,24H,UNPPCI,Africa/Abidjan
ph_5d3bd71ed22e,DE MOROFE (GDE),Yamoussoukro,2026-02-14,2026-02-20,24H,UNPPCI,Africa/Abidjan
ph_2aa1f322e08b,DES 220 LGTS,Yamoussoukro,2026-02-14,2026-02-20,24H,UNPPCI,Africa/Abidjan
ph_d94756b14001,SANITAS,Yamoussoukro,2026-02-14,2026-02-20,24H,UNPPCI,Africa/Abidjan
ph_3e1477344d0b,DU CARREFOUR,Abengourou,2026-02-21,2026-02-27,24H,UNPPCI,Africa/Abidjan
ph_bb065cc408e5,PRUNELLE MARIE,Abengourou,2026-02-21,2026-02-27,24H,UNPPCI,Africa/Abidjan
ph_09370df19abd,DU MARCHE,Aboisso,2026-02-21,2026-02-27,24H,UNPPCI,Africa/Abidjan
ph_4975036270ee,MODERNE,Adiake,2026-02-21,2026-02-27,24H,UNPPCI,Africa/Abidjan
ph_225e0d29dfd1,DU MASSAN,Adzope,2026-02-21,2026-02-27,24H,UNPPCI,Africa/Abidjan
ph_54be6d7a0eb2,SAINTE MARIE D'ELVE,Adzope,2026-02-21,2026-02-27,24H,UNPPCI,Africa/Abidjan
ph_e2b72c4e0828,MOAYE / M.AKE SIMPLICE,Agboville,2026-02-21,2026-02-27,24H,UNPPCI,Africa/Abidjan
ph_58f0968e10e5,SINI-KENEYA,Agboville,2026-02-21,2026-02-27,24H,UNPPCI,Africa/Abidjan
ph_141aedb5b7b2,LA PLENITUDE,Agnibilekro,2026-02-21,2026-02-27,24H,UNPPCI,Africa/Abidjan
ph_2b24a9b47a2b,KATA,Bayota,2026-02-21,2026-02-27,24H,UNPPCI,Africa/Abidjan
ph_c0824bf17888,CHOQUET (NLLE),Bondoukou,2026-02-21,2026-02-28,24H,UNPPCI,Africa/Abidjan
ph_844a6a225efd,DU LYCEE,Bondoukou,2026-02-21,2026-02-28,24H,UNPPCI,Africa/Abidjan
ph_b86516533a03,EBEN-EZER,Bonoua,2026-02-21,2026-02-27,24H,UNPPCI,Africa/Abidjan
ph_5d03fa871782,PROVIDENCE,Bouafle,2026-02-21,2026-02-27,24H,UNPPCI,Africa/Abidjan
ph_fc546444d261,ST AUGUSTIN,Bouafle,2026-02-21,2026-02-27,24H,UNPPCI,Africa/Abidjan
ph_11667bc1afef,CITE OLYMPIQUE,Bouake,2026-02-21,2026-02-27,24H,UNPPCI,Africa/Abidjan
ph_52ed07d6b704,DE LA PLACE,Bouake,2026-02-21,2026-02-27,24H,UNPPCI,Africa/Abidjan
ph_43b9978bc053,DES CHAMPS (NVLLE),Bouake,2026-02-21,2026-02-27,24H,UNPPCI,Africa/Abidjan
ph_1e080f8dcc37,EL NISSI,Bouake,2026-02-21,2026-02-27,24H,UNPPCI,Africa/Abidjan
ph_a3851ee9019e,LIBERTE,Bouake,2026-02-21,2026-02-27,24H,UNPPCI,Africa/Abidjan
ph_67bbc1000092,MARCHE DE GROS DE BOUAKE SARL,Bouake,2026-02-21,2026-02-27,24H,UNPPCI,Africa/Abidjan
ph_741416723e5a,NOTRE DAME DE L'ESPERANCE SARL U,Bouake,2026-02-21,2026-02-27,24H,UNPPCI,Africa/Abidjan
ph_43a6e91494d4,SAINT JACQUES,Bouake,2026-02-21,2026-02-27,24H,UNPPCI,Africa/Abidjan
ph_a6e5413456dc,ST PIERRE NIMBO (NVLLE) - M. MONPOEHO DE MODE SERGE CLAVER,Bouake,2026-02-21,2026-02-27,24H,UNPPCI,Africa/Abidjan
ph_58d060fec2d3,DE DABOU (GDE),Dabou,2026-02-21,2026-02-27,24H,UNPPCI,Africa/Abidjan
ph_db4f66369122,ENTENTE DABOU,Dabou,2026-02-21,2026-02-27,24H,UNPPCI,Africa/Abidjan
ph_e8a9abe96233,CARREFOUR LABIA,Daloa,2026-02-21,2026-02-27,24H,UNPPCI,Africa/Abidjan
ph_d55fb3124391,CENTRALE,Daloa,2026-02-21,2026-02-27,24H,UNPPCI,Africa/Abidjan
ph_450614e4938a,DU GRAND MARCHE,Daloa,2026-02-21,2026-02-27,24H,UNPPCI,Africa/Abidjan
ph_8cde0168a533,MAYESS,Daloa,2026-02-21,2026-02-27,24H,UNPPCI,Africa/Abidjan
ph_66403d3c70bb,ST EDMOND-PIERRE,Daloa,2026-02-21,2026-02-27,24H,UNPPCI,Africa/Abidjan
ph_c7dde238e839,AVE MARIA DU NIMBA,Danane,2026-02-21,2026-02-27,24H,UNPPCI,Africa/Abidjan
ph_23c436e7b214,DE DIEGONEFLA,Diegonefla,2026-02-21,2026-02-27,24H,UNPPCI,Africa/Abidjan
ph_231b68012536,DE L'AMITIE M. BADIA DJONA LEONARD,Divo,2026-02-21,2026-02-27,24H,UNPPCI,Africa/Abidjan
ph_0f211cb63400,ESPERANCE,Divo,2026-02-21,2026-02-27,24H,UNPPCI,Africa/Abidjan
ph_15cda73ba16f,GREMIAN (GRANDE),Divo,2026-02-21,2026-02-27,24H,UNPPCI,Africa/Abidjan
ph_9af7eac25eab,KINNINYA,Divo,2026-02-21,2026-02-27,24H,UNPPCI,Africa/Abidjan
ph_f701db453e06,DE LA GARE DE DUEKOUE,Duekoue,2026-02-21,2026-02-27,24H,UNPPCI,Africa/Abidjan
ph_2caa452a0046,DE LA PAIX DUEKOUE,Duekoue,2026-02-21,2026-02-27,24H,UNPPCI,Africa/Abidjan
ph_74df5f9f7c45,DAR ES SALAM,Gagnoa,2026-02-21,2026-02-27,24H,UNPPCI,Africa/Abidjan
ph_b29c73b5368f,DU GOGNOA,Gagnoa,2026-02-21,2026-02-27,24H,UNPPCI,Africa/Abidjan
ph_b89799a3bb48,MATHE,Gagnoa,2026-02-21,2026-02-27,24H,UNPPCI,Africa/Abidjan
ph_ed98141175e5,ST FRANCOIS D'ASSISE,Gagnoa,2026-02-21,2026-02-27,24H,UNPPCI,Africa/Abidjan
ph_3b4ad3fd3e42,JLOG,Grand-Bassam,2026-02-21,2026-02-27,24H,UNPPCI,Africa/Abidjan
ph_475ffef96632,QUARTIER AIR FRANCE,Grand-Bassam,2026-02-21,2026-02-27,24H,UNPPCI,Africa/Abidjan
ph_461dd507ea08,YELE,Grand-Bassam,2026-02-21,2026-02-27,24H,UNPPCI,Africa/Abidjan
ph_90757dfd1420,NIKLA,Guiglo,2026-02-21,2026-02-27,24H,UNPPCI,Africa/Abidjan
ph_d3c9ac35fc23,DIVINE GRACE,Issia,2026-02-21,2026-02-27,24H,UNPPCI,Africa/Abidjan
ph_4fd1c85120a3,DU COMMERCE,Issia,2026-02-21,2026-02-27,24H,UNPPCI,Africa/Abidjan
ph_331573ed87bd,AMOUR,Korhogo,2026-02-21,2026-02-27,24H,UNPPCI,Africa/Abidjan
ph_46ea9b510a73,DU 14 / M.CISSE MAMADOU,Korhogo,2026-02-21,2026-02-27,24H,UNPPCI,Africa/Abidjan
ph_04c8add86a2f,DU MARCHE,Korhogo,2026-02-21,2026-02-27,24H,UNPPCI,Africa/Abidjan
ph_32668d1957e2,MONGAHA,Korhogo,2026-02-21,2026-02-27,24H,UNPPCI,Africa/Abidjan
ph_62b190d27b8b,TCHERGNIM,Korhogo,2026-02-21,2026-02-27,24H,UNPPCI,Africa/Abidjan
ph_dea071dc9536,DE LA GRANDE MOSQUEE,Man,2026-02-21,2026-02-27,24H,UNPPCI,Africa/Abidjan
ph_61940b15a5f6,FIDELITAS,Man,2026-02-21,2026-02-27,24H,UNPPCI,Africa/Abidjan
ph_faebbe7907a3,MODERNE,Man,2026-02-21,2026-02-27,24H,UNPPCI,Africa/Abidjan
ph_0fd4964933c1,ODELIA,Man,2026-02-21,2026-02-27,24H,UNPPCI,Africa/Abidjan
ph_8d91103e0f65,DES FRONTIERES,Odienne,2026-02-21,2026-02-27,24H,UNPPCI,Africa/Abidjan
ph_38d29ae36ccf,DIVINE PROVIDENCE,San Pedro,2026-02-21,2026-02-27,24H,UNPPCI,Africa/Abidjan
ph_f0ae369ff812,NABENOU,San Pedro,2026-02-21,2026-02-27,24H,UNPPCI,Africa/Abidjan
ph_6f6464e06cc7,NOUR,San Pedro,2026-02-21,2026-02-27,24H,UNPPCI,Africa/Abidjan
ph_43420f3abf98,QUARTIER FRANCOPHONIE / M.KOUAME PHILLIPE,San Pedro,2026-02-21,2026-02-27,24H,UNPPCI,Africa/Abidjan
ph_5bcb2aabfafd,STE MARIE,San Pedro,2026-02-21,2026-02-27,24H,UNPPCI,Africa/Abidjan
ph_48f41a441bd9,BOKOSSO NOUVELLE,Sinfra,2026-02-21,2026-02-27,24H,UNPPCI,Africa/Abidjan
ph_4a6b28804179,ATELE,Songon / Km 17,2026-02-21,2026-02-27,24H,UNPPCI,Africa/Abidjan
ph_01caa40e4843,CARREFOUR SONGON DAGBE,Songon / Km 17,2026-02-21,2026-02-27,24H,UNPPCI,Africa/Abidjan
ph_9d825a6d0ab8,DE LA GARE SARL,Soubre,2026-02-21,2026-02-27,24H,UNPPCI,Africa/Abidjan
ph_e8a50f577899,DE LA MAIRIE DE SOUBRE / M.TAH BI TAH RIGOBERT,Soubre,2026-02-21,2026-02-27,24H,UNPPCI,Africa/Abidjan
ph_11c3eb603943,DE TIASSALE,Tiassale,2026-02-21,2026-02-27,24H,UNPPCI,Africa/Abidjan
ph_3aea543b8564,ABOH,Yamoussoukro,2026-02-21,2026-02-27,24H,UNPPCI,Africa/Abidjan
ph_e83efc26ae83,AZI,Yamoussoukro,2026-02-21,2026-02-27,24H,UNPPCI,Africa/Abidjan
ph_dfdda8e967a6,DES BOULEVARDS / M.NIANGORAN SERGE,Yamoussoukro,2026-02-21,2026-02-27,24H,UNPPCI,Africa/Abidjan
ph_923aaa1fa30c,DJAHA,Yamoussoukro,2026-02-21,2026-02-27,24H,UNPPCI,Africa/Abidjan
ph_e2319926ba54,EBEN-EZER,Yamoussoukro,2026-02-21,2026-02-27,24H,UNPPCI,Africa/Abidjan
ph_d96487255f10,MARIEL,Yamoussoukro,2026-02-21,2026-02-27,24H,UNPPCI,Africa/Abidjan
ph_97df63c8d0da,SOURCE DE VIE,Oume,2026-02-23,2026-03-01,24H,UNPPCI,Africa/Abidjan
ph_342c90f9254c,MOYA,Abengourou,2026-02-28,2026-03-06,24H,UNPPCI,Africa/Abidjan
ph_8405bcf47822,ST CHARBEL M. KOUAKOU K. MATHIEU,Abengourou,2026-02-28,2026-03-06,24H,UNPPCI,Africa/Abidjan
ph_2e6251c71b7c,DE LA BIA,Aboisso,2026-02-28,2026-03-06,24H,UNPPCI,Africa/Abidjan
ph_6d751df423e1,DE LA GARE,Adiake,2026-02-28,2026-03-06,24H,UNPPCI,Africa/Abidjan
ph_532677a91972,AMIRA,Adzope,2026-02-28,2026-03-06,24H,UNPPCI,Africa/Abidjan
ph_177ce81f6649,ST LAURENT,Adzope,2026-02-28,2026-03-06,24H,UNPPCI,Africa/Abidjan
ph_fd1b3b150702,DU CHATEAU,Agboville,2026-02-28,2026-03-06,24H,UNPPCI,Africa/Abidjan
ph_1d2735f3cc29,EL KABOD,Agboville,2026-02-28,2026-03-06,24H,UNPPCI,Africa/Abidjan
ph_98a3845eaa6e,MAI,Agnibilekro,2026-02-28,2026-03-06,24H,UNPPCI,Africa/Abidjan
ph_e5c826c3a884,REINE DES ANGES,Azaguie,2026-02-28,2026-03-07,24H,UNPPCI,Africa/Abidjan
ph_13ee49e76df3,APPY-MOYA,Bayota,2026-02-28,2026-03-06,24H,UNPPCI,Africa/Abidjan
ph_5dba50872b19,DU ZANZAN,Bondoukou,2026-02-28,2026-03-07,24H,UNPPCI,Africa/Abidjan
ph_4667ce0bfd7d,NOTRE DAME DE BONDOUKOU,Bondoukou,2026-02-28,2026-03-07,24H,UNPPCI,Africa/Abidjan
ph_65d5e2f83264,SAINTE RITA,Bonoua,2026-02-28,2026-03-06,24H,UNPPCI,Africa/Abidjan
ph_95296ec09352,CARREFOUR,Bouafle,2026-02-28,2026-03-06,24H,UNPPCI,Africa/Abidjan
ph_0524a6c5f167,MAGNIFICAT DE BOUAFLE,Bouafle,2026-02-28,2026-03-06,24H,UNPPCI,Africa/Abidjan
ph_3c865c5fa068,AYATHA,Bouake,2026-02-28,2026-03-06,24H,UNPPCI,Africa/Abidjan
ph_44e2f2dc79e7,BELLEVILLE (GDE),Bouake,2026-02-28,2026-03-06,24H,UNPPCI,Africa/Abidjan
ph_a182be43bdb7,DE LA GRANDE MOSQUEE,Bouake,2026-02-28,2026-03-06,24H,UNPPCI,Africa/Abidjan
ph_ffb5aab02b04,ESPOIR / M.SORO FOUNGNIGUE,Bouake,2026-02-28,2026-03-06,24H,UNPPCI,Africa/Abidjan
ph_6f5e12327da4,M'BOUAFOUE,Bouake,2026-02-28,2026-03-06,24H,UNPPCI,Africa/Abidjan
ph_843ccfdb828e,STE MADELEINE NIMBO 18 LGTS / M.GNINIBOU SERY,Bouake,2026-02-28,2026-03-06,24H,UNPPCI,Africa/Abidjan
ph_91fbd9f227ef,STE MARIE N'GATTAKRO,Bouake,2026-02-28,2026-03-06,24H,UNPPCI,Africa/Abidjan
ph_c3b20e13a149,VICTOR TENENA,Bouake,2026-02-28,2026-03-06,24H,UNPPCI,Africa/Abidjan
ph_282554091bdd,DES LAGUNES,Dabou,2026-02-28,2026-03-06,24H,UNPPCI,Africa/Abidjan
ph_e821c23bc82e,FEZAN,Dabou,2026-02-28,2026-03-06,24H,UNPPCI,Africa/Abidjan
ph_aab8fe1e7480,ANEAUD,Daloa,2026-02-28,2026-03-06,24H,UNPPCI,Africa/Abidjan
ph_b7d8e970d174,DES GARAGES (GRDE),Daloa,2026-02-28,2026-03-06,24H,UNPPCI,Africa/Abidjan
ph_91f458fc1b33,DU JUBILE DE TAZIBOUO,Daloa,2026-02-28,2026-03-06,24H,UNPPCI,Africa/Abidjan
ph_8c780409fb6d,DU PROGRES,Daloa,2026-02-28,2026-03-06,24H,UNPPCI,Africa/Abidjan
ph_5a72fd8a7869,DU PONT DE LIANES,Danane,2026-02-28,2026-03-06,24H,UNPPCI,Africa/Abidjan
ph_7d91f1121659,HAMANY,Diegonefla,2026-02-28,2026-03-06,24H,UNPPCI,Africa/Abidjan
ph_662cd68fb8b3,AHOUKOUA,Divo,2026-02-28,2026-03-06,24H,UNPPCI,Africa/Abidjan
ph_057abecbc118,DU DIALOGUE,Divo,2026-02-28,2026-03-06,24H,UNPPCI,Africa/Abidjan
ph_3afc2748e137,KAMELIA LA GRACE / M.JEAN JONAS KOUADIO,Divo,2026-02-28,2026-03-06,24H,UNPPCI,Africa/Abidjan
ph_bb6ec0be373a,MODERNE DE BRIBORE,Divo,2026-02-28,2026-03-06,24H,UNPPCI,Africa/Abidjan
ph_687d59f28e48,SAINTE MARIE,Divo,2026-02-28,2026-03-06,24H,UNPPCI,Africa/Abidjan
ph_52c68fc4c3c1,DE DUEKOUE (GRANDE),Duekoue,2026-02-28,2026-03-06,24H,UNPPCI,Africa/Abidjan
ph_dcc0f3f3a1ce,MASSEBA,Duekoue,2026-02-28,2026-03-06,24H,UNPPCI,Africa/Abidjan
ph_a9eb32db1b2a,DE GARAHIO,Gagnoa,2026-02-28,2026-03-06,24H,UNPPCI,Africa/Abidjan
ph_466083a65893,DIOULABOUGOU SANTE,Gagnoa,2026-02-28,2026-03-06,PARTIELLE,UNPPCI,Africa/Abidjan
ph_12bfa0e0960e,LAFIA / M.TOURE TESSE HAMED,Gagnoa,2026-02-28,2026-03-06,24H,UNPPCI,Africa/Abidjan
ph_030c2e94511e,MANUELLA,Gagnoa,2026-02-28,2026-03-06,PARTIELLE,UNPPCI,Africa/Abidjan
ph_443c15126475,PRINCIPALE,Gagnoa,2026-02-28,2026-03-06,24H,UNPPCI,Africa/Abidjan
ph_857fb6914728,COLOMBE,Grand-Bassam,2026-02-28,2026-03-06,24H,UNPPCI,Africa/Abidjan
ph_619f64dfe142,ELOÏTE,Grand-Bassam,2026-02-28,2026-03-06,24H,UNPPCI,Africa/Abidjan
ph_37fb89cf82f4,LEANA,Grand-Bassam,2026-02-28,2026-03-06,24H,UNPPCI,Africa/Abidjan
ph_7bdee0962347,ST AMANS,Grand-Bassam,2026-02-28,2026-03-06,24H,UNPPCI,Africa/Abidjan
ph_d871ad3d194e,DU MARCHE DE GUIGLO,Guiglo,2026-02-28,2026-03-06,24H,UNPPCI,Africa/Abidjan
ph_5e27b56a4ff3,(NOUVELLE) ESPOIR,Issia,2026-02-28,2026-03-06,24H,UNPPCI,Africa/Abidjan
ph_a928dfb3ec8f,HADASSA (GDE),Issia,2026-02-28,2026-03-06,24H,UNPPCI,Africa/Abidjan
ph_a1b56e9432ba,DU MONT KORHOGO,Korhogo,2026-02-28,2026-03-06,24H,UNPPCI,Africa/Abidjan
ph_bc686e16e81e,FOTAMANA,Korhogo,2026-02-28,2026-03-06,24H,UNPPCI,Africa/Abidjan
ph_87e19a3dfcf4,NOUR,Korhogo,2026-02-28,2026-03-06,24H,UNPPCI,Africa/Abidjan
ph_bf09a711fcf4,NOUVEAU QUARTIER,Korhogo,2026-02-28,2026-03-06,24H,UNPPCI,Africa/Abidjan
ph_0ceb9b50fb47,SALAM KORHOGO,Korhogo,2026-02-28,2026-03-06,24H,UNPPCI,Africa/Abidjan
ph_d00d86523124,DU COMMERCE,Man,2026-02-28,2026-03-06,24H,UNPPCI,Africa/Abidjan
ph_7664bd3f3017,KHIANELLY,Man,2026-02-28,2026-03-06,24H,UNPPCI,Africa/Abidjan
ph_b92d598c5d27,LIBREVILLE / M.KOUAME YAO BROU HYLAIRE,Man,2026-02-28,2026-03-06,24H,UNPPCI,Africa/Abidjan
ph_04031445d8d9,LYCEE CLUB,Man,2026-02-28,2026-03-06,24H,UNPPCI,Africa/Abidjan
ph_b1a578a6c67a,DU ROND POINT,Odienne,2026-02-28,2026-03-06,24H,UNPPCI,Africa/Abidjan
ph_3788f3c5d621,DE LA CITE (NVLLE),San Pedro,2026-02-28,2026-03-06,24H,UNPPCI,Africa/Abidjan
ph_c1a292d3427a,JEHOVAH-RAPHA,San Pedro,2026-02-28,2026-03-06,24H,UNPPCI,Africa/Abidjan
ph_b48cf4450f96,LA GRACE DE SOTREF,San Pedro,2026-02-28,2026-03-06,24H,UNPPCI,Africa/Abidjan
ph_9ba1179ee1d6,ROI DAVID,San Pedro,2026-02-28,2026-03-06,24H,UNPPCI,Africa/Abidjan
ph_b4c948e15d52,STE CLAUDINE,San Pedro,2026-02-28,2026-03-06,24H,UNPPCI,Africa/Abidjan
ph_d9b257db8450,NOUVELLE DE SINFRA,Sinfra,2026-02-28,2026-03-06,24H,UNPPCI,Africa/Abidjan
ph_8fbea8b30009,ELIORA,Songon / Km 17,2026-02-28,2026-03-06,24H,UNPPCI,Africa/Abidjan
ph_a2efc83dc7ac,ST SAUVEUR,Songon / Km 17,2026-02-28,2026-03-06,24H,UNPPCI,Africa/Abidjan
ph_fe37640d5bd8,PROVIDENCE,Soubre,2026-02-28,2026-03-06,24H,UNPPCI,Africa/Abidjan
ph_f85382ab44ad,STE RITA SARLU,Soubre,2026-02-28,2026-03-06,24H,UNPPCI,Africa/Abidjan
ph_b03d8bd81d2a,AYA VALENTINE,Tiassale,2026-02-28,2026-03-06,24H,UNPPCI,Africa/Abidjan
ph_f1294da98420,DE YAMOUSSOUKRO,Yamoussoukro,2026-02-28,2026-03-06,24H,UNPPCI,Africa/Abidjan
ph_e8abc911ab4f,ERGINAL,Yamoussoukro,2026-02-28,2026-03-06,24H,UNPPCI,Africa/Abidjan
ph_a5e4f46839a5,LES JASMINS,Yamoussoukro,2026-02-28,2026-03-06,24H,UNPPCI,Africa/Abidjan
ph_a639aa5f8f0b,NOTRE DAME DE FATIMA,Yamoussoukro,2026-02-28,2026-03-06,24H,UNPPCI,Africa/Abidjan
ph_3982a1fc5113,SANS FRONTIERES,Yamoussoukro,2026-02-28,2026-03-06,24H,UNPPCI,Africa/Abidjan
ph_2d5a6a917e40,STE FAMILLE,Yamoussoukro,2026-02-28,2026-03-06,24H,UNPPCI,Africa/Abidjan
