pharmacy_key,pharmacy_name,section,area,start_date,end_date,duty_type,source,timezone
ph_2b301737ba3a,DE L'ETOILE,SECTION D'ABOBO,ABOBO,2026-02-07,2026-02-13,24H,UNPPCI,Africa/Abidjan
ph_a5f88e2dadaa,IRYS,SECTION D'ABOBO,ABOBO,2026-02-07,2026-02-13,24H,UNPPCI,Africa/Abidjan
ph_65c6657cd24f,CARREFOUR KOBAKRO,SECTION D'ABOBO,ABOBO PK 18,2026-02-07,2026-02-13,24H,UNPPCI,Africa/Abidjan
ph_341b06598b6c,CONCORDE PK 18,SECTION D'ABOBO,ABOBO PK 18,2026-02-07,2026-02-13,24H,UNPPCI,Africa/Abidjan
ph_ec76c96be9c1,ESPERANCE,SECTION D'ABOBO,ABOBO PK 18,2026-02-07,2026-02-13,24H,UNPPCI,Africa/Abidjan
ph_f07e5d884e03,MILIE HEVIE,SECTION D'ABOBO,ABOBO PK 18,2026-02-07,2026-02-13,24H,UNPPCI,Africa/Abidjan
ph_d58909f83b2f,N'DOTRE PALMERAIE 2,SECTION D'ABOBO,ABOBO PK 18,2026-02-07,2026-02-13,24H,UNPPCI,Africa/Abidjan
ph_6512413482f1,OLYMPIQUE,SECTION D'ABOBO,ABOBO PK 18,2026-02-07,2026-02-13,24H,UNPPCI,Africa/Abidjan
ph_da1394ff3614,D'ALEPE,SECTION D'ABOBO,ALEPE / MONTEZO / BROFODOUME,2026-02-07,2026-02-13,24H,UNPPCI,Africa/Abidjan
ph_379b492624ab,DU CARREFOUR ANCIENNE GENDARMERIE,SECTION D'ABOBO,ANYAMA,2026-02-07,2026-02-13,24H,UNPPCI,Africa/Abidjan
ph_c5952ac78bb3,DU MARCHE D'ANYAMA,SECTION D'ABOBO,ANYAMA,2026-02-07,2026-02-13,24H,UNPPCI,Africa/Abidjan
ph_47e6cd0f57b5,MEYDEBA,SECTION D'ABOBO,ANYAMA,2026-02-07,2026-02-13,24H,UNPPCI,Africa/Abidjan
ph_6acddc7431c6,ABOBO BELLEVILLE (NOUVELLE),SECTION D'ABOBO,ROND POINT DE LA BRIGADE DE GENDARMERIE,2026-02-07,2026-02-13,24H,UNPPCI,Africa/Abidjan
ph_3f323547ce5a,AVOCATIER MARCHE,SECTION D'ABOBO,ROND POINT DE LA BRIGADE DE GENDARMERIE,2026-02-07,2026-02-13,24H,UNPPCI,Africa/Abidjan
ph_4a92fc46ae6d,D'ABOBOTE,SECTION D'ABOBO,ROND POINT DE LA BRIGADE DE GENDARMERIE,2026-02-07,2026-02-13,24H,UNPPCI,Africa/Abidjan
ph_c512fb590f6d,DE LA CITE,SECTION D'ABOBO,ROND POINT DE LA BRIGADE DE GENDARMERIE,2026-02-07,2026-02-13,24H,UNPPCI,Africa/Abidjan
ph_5bc04472e6a8,DE LA PLAQUE II,SECTION D'ABOBO,ROND POINT DE LA BRIGADE DE GENDARMERIE,2026-02-07,2026-02-13,24H,UNPPCI,Africa/Abidjan
ph_dcccf4466f52,DU MONASTERE,SECTION D'ABOBO,ROND POINT DE LA BRIGADE DE GENDARMERIE,2026-02-07,2026-02-13,24H,UNPPCI,Africa/Abidjan
ph_ecc465ab37d6,LES 4 SAISONS,SECTION D'ABOBO,ROND POINT DE LA BRIGADE DE GENDARMERIE,2026-02-07,2026-02-13,24H,UNPPCI,Africa/Abidjan
ph_070dea924543,MARCHE VALENTIN,SECTION D'ABOBO,ROND POINT DE LA BRIGADE DE GENDARMERIE,2026-02-07,2026-02-13,24H,UNPPCI,Africa/Abidjan
ph_9a8fac10b50b,PLAQUE ANADOR,SECTION D'ABOBO,ROND POINT DE LA BRIGADE DE GENDARMERIE,2026-02-07,2026-02-13,24H,UNPPCI,Africa/Abidjan
ph_700b228e7101,ROUTE DU ZOO,SECTION D'ABOBO,ROND POINT DE LA BRIGADE DE GENDARMERIE,2026-02-07,2026-02-13,24H,UNPPCI,Africa/Abidjan
ph_b68d45c0e4f4,ST ANTOINE,SECTION D'ABOBO,ROND POINT DE LA BRIGADE DE GENDARMERIE,2026-02-07,2026-02-13,24H,UNPPCI,Africa/Abidjan
ph_7016e5ba9ff9,YANDI,SECTION D'ABOBO,ROND POINT DE LA BRIGADE DE GENDARMERIE,2026-02-07,2026-02-13,24H,UNPPCI,Africa/Abidjan
ph_7bfcbc67c35a,D'ATTECOUBE,SECTION D'ADJAME,ADJAME CENTRE,2026-02-07,2026-02-13,24H,UNPPCI,Africa/Abidjan
ph_c51911fca60c,DE L'ESPOIR (NOUVELLE),SECTION D'ADJAME,ADJAME CENTRE,2026-02-07,2026-02-13,24H,UNPPCI,Africa/Abidjan
ph_900d1ff771ab,DES GARES,SECTION D'ADJAME,ADJAME CENTRE,2026-02-07,2026-02-13,24H,UNPPCI,Africa/Abidjan
ph_c4c90456b145,DU FORUM,SECTION D'ADJAME,ADJAME CENTRE,2026-02-07,2026-02-13,24H,UNPPCI,Africa/Abidjan
ph_d8b419ed5940,KANA,SECTION D'ADJAME,ADJAME CENTRE,2026-02-07,2026-02-13,24H,UNPPCI,Africa/Abidjan
ph_cf5ef61557f8,ADJAME SANTE (NLLE),SECTION D'ADJAME,ADJAME HABITAT EXTENSION PRES DU PETIT MARCHE,2026-02-07,2026-02-13,24H,UNPPCI,Africa/Abidjan
ph_853224799681,DES 220 LOGEMENTS (NLLE),SECTION D'ADJAME,ADJAME HABITAT EXTENSION PRES DU PETIT MARCHE,2026-02-07,2026-02-13,24H,UNPPCI,Africa/Abidjan
ph_be80d3fc80e7,MARIE THERESE D'ADJAME SARL.U,SECTION D'ADJAME,ADJAME HABITAT EXTENSION PRES DU PETIT MARCHE,2026-02-07,2026-02-13,24H,UNPPCI,Africa/Abidjan
ph_67698d8ec641,CHRIST STELLA,SECTION D'ADJAME,ATTECOUBE,2026-02-07,2026-02-13,24H,UNPPCI,Africa/Abidjan
ph_ac2e373c54fa,MONTANA,SECTION D'ADJAME,ATTECOUBE,2026-02-07,2026-02-13,24H,UNPPCI,Africa/Abidjan
ph_3f74d760ac2e,REHOBOTH,SECTION D'ADJAME,ATTECOUBE,2026-02-07,2026-02-13,24H,UNPPCI,Africa/Abidjan
ph_d1f73cffca44,ST URIEL,SECTION D'ADJAME,COTE DE LA STATION TOTAL,2026-02-07,2026-02-13,24H,UNPPCI,Africa/Abidjan
ph_11fb40f45f7f,SAINTE ROSALIE,SECTION D'ADJAME,WILLIAMSVILLE,2026-02-07,2026-02-13,24H,UNPPCI,Africa/Abidjan
ph_a03ba53f8879,MARINA,SECTION DE COCODY,BINGERVILLE,2026-02-07,2026-02-13,24H,UNPPCI,Africa/Abidjan
ph_a2831364c5e9,AKANDJE,SECTION DE COCODY,CITE MARINA CARREFOUR SYNDICAT,2026-02-07,2026-02-13,24H,UNPPCI,Africa/Abidjan
ph_6cb2388390e5,AMARYLLIS,SECTION DE COCODY,CITE MARINA CARREFOUR SYNDICAT,2026-02-07,2026-02-13,24H,UNPPCI,Africa/Abidjan
ph_6ba487cff8f6,CARREFOUR SANTE,SECTION DE COCODY,CITE MARINA CARREFOUR SYNDICAT,2026-02-07,2026-02-13,24H,UNPPCI,Africa/Abidjan
ph_e0a92da36876,DE GBAGBA (GDE),SECTION DE COCODY,CITE MARINA CARREFOUR SYNDICAT,2026-02-07,2026-02-13,24H,UNPPCI,Africa/Abidjan
ph_e78e6cf00acc,IDUREIL,SECTION DE COCODY,CITE MARINA CARREFOUR SYNDICAT,2026-02-07,2026-02-13,24H,UNPPCI,Africa/Abidjan
ph_07b56aacc642,SAINTS ANDRE ET MARTHE,SECTION DE COCODY,CITE MARINA CARREFOUR SYNDICAT,2026-02-07,2026-02-13,24H,UNPPCI,Africa/Abidjan
ph_b16faa04ad18,CHARISMA,SECTION DE COCODY,COCODY,2026-02-07,2026-02-13,24H,UNPPCI,Africa/Abidjan
ph_d8538a7f094a,MALIKA (EX STE MARIE),SECTION DE COCODY,COCODY,2026-02-07,2026-02-13,24H,UNPPCI,Africa/Abidjan
ph_ef9df9bb9fb4,8ÈME TRANCHE,SECTION DE COCODY,II PLATEAUX,2026-02-07,2026-02-13,24H,UNPPCI,Africa/Abidjan
ph_59c3945eb762,DE LA DJIBI,SECTION DE COCODY,II PLATEAUX,2026-02-07,2026-02-13,24H,UNPPCI,Africa/Abidjan
ph_e699bdc6b327,DES ALLEES,SECTION DE COCODY,II PLATEAUX,2026-02-07,2026-02-13,24H,UNPPCI,Africa/Abidjan
ph_df328b0149a9,DES LAUREADES,SECTION DE COCODY,II PLATEAUX,2026-02-07,2026-02-13,24H,UNPPCI,Africa/Abidjan
ph_3aa02df0727e,DES PAVILLONS,SECTION DE COCODY,II PLATEAUX,2026-02-07,2026-02-13,24H,UNPPCI,Africa/Abidjan
ph_de372e906dd6,DIVINE ONCTION,SECTION DE COCODY,II PLATEAUX,2026-02-07,2026-02-13,24H,UNPPCI,Africa/Abidjan
ph_9f7745eafa38,HERMES,SECTION DE COCODY,II PLATEAUX,2026-02-07,2026-02-13,24H,UNPPCI,Africa/Abidjan
ph_ad993df5506b,NORD SUD,SECTION DE COCODY,II PLATEAUX,2026-02-07,2026-02-13,24H,UNPPCI,Africa/Abidjan
ph_234b6ec4e302,SANTE DE VIE,SECTION DE COCODY,II PLATEAUX,2026-02-07,2026-02-13,24H,UNPPCI,Africa/Abidjan
ph_c73a3e40e945,STE TRINITE,SECTION DE COCODY,II PLATEAUX,2026-02-07,2026-02-13,24H,UNPPCI,Africa/Abidjan
ph_e465f2f3d341,DE LA RIVIERA,SECTION DE COCODY,RIVIERA,2026-02-07,2026-02-13,24H,UNPPCI,Africa/Abidjan
ph_eba04251fba7,LES 3 SOURCES,SECTION DE COCODY,RIVIERA,2026-02-07,2026-02-13,24H,UNPPCI,Africa/Abidjan
ph_088dc9f6132d,NOTRE DAME DE L'INCARNATION,SECTION DE COCODY,RIVIERA,2026-02-07,2026-02-13,24H,UNPPCI,Africa/Abidjan
ph_9309ccbea892,PHILADELPHIE,SECTION DE COCODY,RIVIERA,2026-02-07,2026-02-13,24H,UNPPCI,Africa/Abidjan
ph_14a6fdec51b2,ST ANGE,SECTION DE COCODY,RIVIERA,2026-02-07,2026-02-13,24H,UNPPCI,Africa/Abidjan
ph_b3ff074f5909,ST BERNARD,SECTION DE COCODY,RIVIERA,2026-02-07,2026-02-13,24H,UNPPCI,Africa/Abidjan
ph_e1b43dfb7ac1,ST RAPHAEL ARCHANGE,SECTION DE COCODY,RIVIERA,2026-02-07,2026-02-13,24H,UNPPCI,Africa/Abidjan
ph_3fb33997df36,STE FAMILLE,SECTION DE COCODY,RIVIERA,2026-02-07,2026-02-13,24H,UNPPCI,Africa/Abidjan
ph_ee6ddf5a92a2,STE MARIE DES BEATITUDES,SECTION DE COCODY,RIVIERA,2026-02-07,2026-02-13,24H,UNPPCI,Africa/Abidjan
ph_e5aadf26056b,STS COME ET DAMIEN,SECTION DE COCODY,TERMINUS SOTRA,2026-02-07,2026-02-13,24H,UNPPCI,Africa/Abidjan
ph_14af6224b01a,DU FUTUR,SECTION DE COCODY,ZONE AKOUEDO - PALMERAIE EXTENSION - ABATTA,2026-02-07,2026-02-13,24H,UNPPCI,Africa/Abidjan
ph_0a3d2df9a109,EAU VIVE,SECTION DE COCODY,ZONE AKOUEDO - PALMERAIE EXTENSION - ABATTA,2026-02-07,2026-02-13,24H,UNPPCI,Africa/Abidjan
ph_4de1faadd995,EPHRATA,SECTION DE COCODY,ZONE AKOUEDO - PALMERAIE EXTENSION - ABATTA,2026-02-07,2026-02-13,24H,UNPPCI,Africa/Abidjan
ph_44da724185ed,LA BENEDICTION,SECTION DE COCODY,ZONE AKOUEDO - PALMERAIE EXTENSION - ABATTA,2026-02-07,2026-02-13,24H,UNPPCI,Africa/Abidjan
ph_0dc17f6048b4,LES LAUREATS,SECTION DE COCODY,ZONE AKOUEDO - PALMERAIE EXTENSION - ABATTA,2026-02-07,2026-02-13,24H,UNPPCI,Africa/Abidjan
ph_201983b309db,ST GEORGES D'AKOUEDO,SECTION DE COCODY,ZONE AKOUEDO - PALMERAIE EXTENSION - ABATTA,2026-02-07,2026-02-13,24H,UNPPCI,Africa/Abidjan
ph_1187042a60bb,ABYA,SECTION DE KOUMASSI,II PLATEAUX,2026-02-07,2026-02-13,24H,UNPPCI,Africa/Abidjan
ph_f2509987aa51,BOULEVARD DU CAMEROUN,SECTION DE KOUMASSI,II PLATEAUX,2026-02-07,2026-02-13,24H,UNPPCI,Africa/Abidjan
ph_575fe8f711a0,DES LACS (GRANDE),SECTION DE KOUMASSI,II PLATEAUX,2026-02-07,2026-02-13,24H,UNPPCI,Africa/Abidjan
ph_04cd2a431cbc,DU CAMPEMENT,SECTION DE KOUMASSI,II PLATEAUX,2026-02-07,2026-02-13,24H,UNPPCI,Africa/Abidjan
ph_5b43f6d18834,SAINTE PIERRE D'ANGLE,SECTION DE KOUMASSI,II PLATEAUX,2026-02-07,2026-02-13,24H,UNPPCI,Africa/Abidjan
ph_d297f3220343,ST LUCIEN,SECTION DE KOUMASSI,II PLATEAUX,2026-02-07,2026-02-13,24H,UNPPCI,Africa/Abidjan
ph_c0a81eeaf2dc,MISERICORDE,SECTION DE MARCORY,ANOUMABO,2026-02-07,2026-02-13,24H,UNPPCI,Africa/Abidjan
ph_be2335d19811,DE L'AMITIE,SECTION DE MARCORY,MARCORY NORD,2026-02-07,2026-02-13,24H,UNPPCI,Africa/Abidjan
ph_c226bc0faae3,DE LA PAIX,SECTION DE MARCORY,MARCORY NORD,2026-02-07,2026-02-13,24H,UNPPCI,Africa/Abidjan
ph_1366f455850e,EBATHE,SECTION DE MARCORY,MARCORY NORD,2026-02-07,2026-02-13,24H,UNPPCI,Africa/Abidjan
ph_993f585d8e90,CANAAN (NVLLE),SECTION DE MARCORY,MARCORY SUD,2026-02-07,2026-02-13,24H,UNPPCI,Africa/Abidjan
ph_cf74d70b5a42,STE MARIE - MAJEURE,SECTION DE MARCORY,MARCORY SUD,2026-02-07,2026-02-13,24H,UNPPCI,Africa/Abidjan
ph_80d5123057a0,STE RUTH,SECTION DE MARCORY,MARCORY SUD,2026-02-07,2026-02-13,24H,UNPPCI,Africa/Abidjan
ph_f2e94296d92c,SAINT GILBERT (GRANDE),SECTION DE PORT BOUET,ACCES PAR LA CONTRE - ALLEE,2026-02-07,2026-02-13,24H,UNPPCI,Africa/Abidjan
ph_46577c0b0b0a,ST MICHEL ARCHANGE,SECTION DE PORT BOUET,ACCES PAR LA CONTRE - ALLEE,2026-02-07,2026-02-13,24H,UNPPCI,Africa/Abidjan
ph_6b4493f35c66,ROUTE DE BASSAM,SECTION DE PORT BOUET,ADJOUFFOU / GONZAQ / ANANI,2026-02-07,2026-02-13,24H,UNPPCI,Africa/Abidjan
ph_8ff7933717cc,WHARF SARL,SECTION DE PORT BOUET,CENTRE,2026-02-07,2026-02-13,24H,UNPPCI,Africa/Abidjan
ph_a79f299c4a43,ATLANTIQUE,SECTION DE PORT BOUET,GRANDE MOSQUEE,2026-02-07,2026-02-13,24H,UNPPCI,Africa/Abidjan
ph_6c7befb9cbf0,BALTIQUE,SECTION DE PORT BOUET,GRANDE MOSQUEE,2026-02-07,2026-02-13,24H,UNPPCI,Africa/Abidjan
ph_8e603d8fc3a5,VRIDI - SIR,SECTION DE PORT BOUET,VRIDI,2026-02-07,2026-02-13,24H,UNPPCI,Africa/Abidjan
ph_f2c5b1366da1,DES QUAIS (NLLE),SECTION DE TREICHVILLE,ACCES PAR LA CONTRE - ALLEE,2026-02-07,2026-02-13,24H,UNPPCI,Africa/Abidjan
ph_7e93007a7f99,LA VIE ZOE (EX PALAIS DE LA CULTURE),SECTION DE TREICHVILLE,ACCES PAR LA CONTRE - ALLEE,2026-02-07,2026-02-13,24H,UNPPCI,Africa/Abidjan
ph_2a447beecdea,DE L'ENTENTE,SECTION DE TREICHVILLE,TREICHVILLE ZONE PORTUAIRE / GRAND MOULIN,2026-02-07,2026-02-13,24H,UNPPCI,Africa/Abidjan
ph_42206feb95d0,CHENAIN,SECTION DE YOPOUGON,ABOBODOUME / LOCODJORO,2026-02-07,2026-02-13,24H,UNPPCI,Africa/Abidjan
ph_d78beacaea2c,STE ADELE,SECTION DE YOPOUGON,ABOBODOUME / LOCODJORO,2026-02-07,2026-02-13,24H,UNPPCI,Africa/Abidjan
ph_e015bb8c78e4,MARIAMA D'ALLOKOI,SECTION DE YOPOUGON,ALLOKOI PK 23,2026-02-07,2026-02-13,24H,UNPPCI,Africa/Abidjan
ph_381ee6915ff0,LAGOMA,SECTION DE YOPOUGON,NIANGON SUD A GAUCHE / TERMINUS BUS 27,2026-02-07,2026-02-13,24H,UNPPCI,Africa/Abidjan
ph_361f5862d839,IKHLAS,SECTION DE YOPOUGON,QUARTIER MICAO APRES LE PARKING DE CARGILL,2026-02-07,2026-02-13,24H,UNPPCI,Africa/Abidjan
ph_f33ea7fab5fb,LA VIE,SECTION DE YOPOUGON,SECTEUR 13,2026-02-07,2026-02-13,24H,UNPPCI,Africa/Abidjan
ph_41108989edff,CELIA,SECTION DE YOPOUGON,YOPOUGON,2026-02-07,2026-02-13,24H,UNPPCI,Africa/Abidjan
ph_3cf5ce6731eb,DES 3 PONTS,SECTION DE YOPOUGON,YOPOUGON,2026-02-07,2026-02-13,24H,UNPPCI,Africa/Abidjan
ph_5d44389e23a1,KENEYA,SECTION DE YOPOUGON,YOPOUGON,2026-02-07,2026-02-13,24H,UNPPCI,Africa/Abidjan
ph_9fe35028220d,LAOULO,SECTION DE YOPOUGON,YOPOUGON,2026-02-07,2026-02-13,24H,UNPPCI,Africa/Abidjan
ph_2b8d4f0b18fd,PALOMA,SECTION DE YOPOUGON,YOPOUGON,2026-02-07,2026-02-13,24H,UNPPCI,Africa/Abidjan
ph_515b44cb587a,PEFINA,SECTION DE YOPOUGON,YOPOUGON,2026-02-07,2026-02-13,24H,UNPPCI,Africa/Abidjan
ph_351b6cc96443,ST MARTIN,SECTION DE YOPOUGON,YOPOUGON,2026-02-07,2026-02-13,24H,UNPPCI,Africa/Abidjan
ph_92dcf6ee19ea,TIZRA,SECTION DE YOPOUGON,YOPOUGON,2026-02-07,2026-02-13,24H,UNPPCI,Africa/Abidjan
ph_28717a0f8886,ZEULAYET,SECTION DE YOPOUGON,YOPOUGON CARREFOUR ACADEMIE / FACE CITE CNPS,2026-02-07,2026-02-13,24H,UNPPCI,Africa/Abidjan
ph_d97bc1bb9aff,DE L'AUTOROUTE (GDE),SECTION DE YOPOUGON,YOPOUGON ROND POINT DU CHU / FACE EGLISE CMA,2026-02-07,2026-02-13,24H,UNPPCI,Africa/Abidjan
ph_fa635468e898,ST SIMEON,SECTION DE YOPOUGON,YOPOUGON ROND POINT DU CHU / FACE EGLISE CMA,2026-02-07,2026-02-13,24H,UNPPCI,Africa/Abidjan
ph_42f7e4a5bf0e,LE LOTUS,SECTION DE YOPOUGON,YOPOUGON SIDECI / FACE COLLEGE IGES,2026-02-07,2026-02-13,24H,UNPPCI,Africa/Abidjan
ph_5052593486ad,STE RITA DE CASCIA,SECTION DE YOPOUGON,YOPOUGON SIDECI / FACE COLLEGE IGES,2026-02-07,2026-02-13,24H,UNPPCI,Africa/Abidjan
ph_1ae48c82875b,DE L'AVENUE NOGUES (NVLLE),SECTION DU PLATEAU,MARCORY SUD,2026-02-07,2026-02-13,24H,UNPPCI,Africa/Abidjan
ph_b55296e24658,BIABOU MOSQUEE,SECTION D'ABOBO,ABOBO CARREFOUR SAMANKE,2026-02-14,2026-02-20,24H,UNPPCI,Africa/Abidjan
ph_09aab591bbd2,DE L'ANTENNE,SECTION D'ABOBO,ABOBO CARREFOUR SAMANKE,2026-02-14,2026-02-20,24H,UNPPCI,Africa/Abidjan
ph_4b9cca62b682,EMS SANTE,SECTION D'ABOBO,ABOBO CARREFOUR SAMANKE,2026-02-14,2026-02-20,24H,UNPPCI,Africa/Abidjan
ph_4a251c2f2e69,LA PAIX,SECTION D'ABOBO,ABOBO CARREFOUR SAMANKE,2026-02-14,2026-02-20,24H,UNPPCI,Africa/Abidjan
ph_e52d7067ff99,NOTRE DAME DE FATIMA,SECTION D'ABOBO,ABOBO CARREFOUR SAMANKE,2026-02-14,2026-02-20,24H,UNPPCI,Africa/Abidjan
ph_3b465a114ae5,SAINTE ANNE ABOBO BAOULE,SECTION D'ABOBO,ABOBO CARREFOUR SAMANKE,2026-02-14,2026-02-20,24H,UNPPCI,Africa/Abidjan
ph_fe1425f91e48,AGNITIO,SECTION D'ABOBO,ABOBO PK 18,2026-02-14,2026-02-20,24H,UNPPCI,Africa/Abidjan
ph_222872194269,ELIE FAUSTINE,SECTION D'ABOBO,ABOBO PK 18,2026-02-14,2026-02-20,24H,UNPPCI,Africa/Abidjan
ph_8e4a291ff381,N'DOTRE,SECTION D'ABOBO,ABOBO PK 18,2026-02-14,2026-02-20,24H,UNPPCI,Africa/Abidjan
ph_32e3122b4057,SAFIR,SECTION D'ABOBO,ABOBO PK 18,2026-02-14,2026-02-20,24H,UNPPCI,Africa/Abidjan
ph_a9688632d035,ST ALEXANDRE,SECTION D'ABOBO,ABOBO PK 18,2026-02-14,2026-02-20,24H,UNPPCI,Africa/Abidjan
ph_55defae81141,SYNOVIE,SECTION D'ABOBO,ABOBO PK 18,2026-02-14,2026-02-20,24H,UNPPCI,Africa/Abidjan
ph_8cb70634078a,DES GENERATIONS DE MONTEZO,SECTION D'ABOBO,ALEPE / MONTEZO / BROFODOUME,2026-02-14,2026-02-20,24H,UNPPCI,Africa/Abidjan
ph_f98c2e85949b,AN - ASR,SECTION D'ABOBO,ANYAMA,2026-02-14,2026-02-20,24H,UNPPCI,Africa/Abidjan
ph_2ca04f8b2958,ELIEL,SECTION D'ABOBO,ANYAMA,2026-02-14,2026-02-20,24H,UNPPCI,Africa/Abidjan
ph_ad7eb2c63ce6,SANTE POUR TOUS D'ANYAMA,SECTION D'ABOBO,ANYAMA,2026-02-14,2026-02-20,24H,UNPPCI,Africa/Abidjan
ph_8a71e887745d,B.S.A,SECTION D'ABOBO,QUARTIER MICAO APRES LE PARKING DE CARGILL,2026-02-14,2026-02-20,24H,UNPPCI,Africa/Abidjan
ph_d9f7761d4090,DE LA ME (NOUVELLE),SECTION D'ABOBO,QUARTIER MICAO APRES LE PARKING DE CARGILL,2026-02-14,2026-02-20,24H,UNPPCI,Africa/Abidjan
ph_a110eaa4c6b0,FIRDAOUS,SECTION D'ABOBO,QUARTIER MICAO APRES LE PARKING DE CARGILL,2026-02-14,2026-02-20,24H,UNPPCI,Africa/Abidjan
ph_c86ad1b74703,MATENE (NOUVELLE),SECTION D'ABOBO,QUARTIER MICAO APRES LE PARKING DE CARGILL,2026-02-14,2026-02-20,24H,UNPPCI,Africa/Abidjan
ph_978076f8ecf3,N'GOHESSE,SECTION D'ABOBO,QUARTIER MICAO APRES LE PARKING DE CARGILL,2026-02-14,2026-02-20,24H,UNPPCI,Africa/Abidjan
ph_abd194210d41,ROND POINT SAMAKE (EX MANZAN),SECTION D'ABOBO,QUARTIER MICAO APRES LE PARKING DE CARGILL,2026-02-14,2026-02-20,24H,UNPPCI,Africa/Abidjan
ph_5fe000678021,DE LA GRANDE MOSQUEE,SECTION D'ADJAME,ADJAME CENTRE,2026-02-14,2026-02-20,24H,UNPPCI,Africa/Abidjan
ph_ea86cb0dd80d,DE LA PROVIDENCE,SECTION D'ADJAME,ADJAME CENTRE,2026-02-14,2026-02-20,24H,UNPPCI,Africa/Abidjan
ph_e45723ff6f0b,DU MARCHE (NVLLE),SECTION D'ADJAME,ADJAME CENTRE,2026-02-14,2026-02-20,24H,UNPPCI,Africa/Abidjan
ph_b256e0b82905,KORO,SECTION D'ADJAME,ADJAME CENTRE,2026-02-14,2026-02-20,24H,UNPPCI,Africa/Abidjan
ph_e42cd68f8910,SARAH,SECTION D'ADJAME,ADJAME CENTRE,2026-02-14,2026-02-20,24H,UNPPCI,Africa/Abidjan
ph_997ff79e34af,SCHIBA,SECTION D'ADJAME,ADJAME CENTRE,2026-02-14,2026-02-20,24H,UNPPCI,Africa/Abidjan
ph_72c37353bda1,ST EMMANUEL,SECTION D'ADJAME,ADJAME CENTRE,2026-02-14,2026-02-20,24H,UNPPCI,Africa/Abidjan
ph_27ddb607f503,AGOUA,SECTION D'ADJAME,ATTECOUBE,2026-02-14,2026-02-20,24H,UNPPCI,Africa/Abidjan
ph_eee41b842e20,D'AGBAN,SECTION D'ADJAME,ATTECOUBE CARREFOUR DU PONT,2026-02-14,2026-02-20,24H,UNPPCI,Africa/Abidjan
ph_6069c39833cb,FATIMA (NOUVELLE),SECTION D'ADJAME,ATTECOUBE FACE BOULANGERIE BBCO,2026-02-14,2026-02-20,24H,UNPPCI,Africa/Abidjan
ph_9f939b08c104,MARY DU 4E PONT ADJAME,SECTION D'ADJAME,RUE DES AGOUAS / FACE AU GD MARCHE D'ADJAME,2026-02-14,2026-02-20,24H,UNPPCI,Africa/Abidjan
ph_a394929f840f,CHRIST MARIE DE PAILLET,SECTION D'ADJAME,WILLIAMSVILLE,2026-02-14,2026-02-20,24H,UNPPCI,Africa/Abidjan
ph_1e4da043b393,DE WILLIAMSVILLE,SECTION D'ADJAME,WILLIAMSVILLE,2026-02-14,2026-02-20,24H,UNPPCI,Africa/Abidjan
ph_d641fab13cd0,AKANDJE,SECTION DE COCODY,CITE PALMA / FACE RESTAURANT COUP DE FREIN,2026-02-14,2026-02-20,24H,UNPPCI,Africa/Abidjan
ph_575f79b75ce6,AKRE ALBERT ASSAMOI,SECTION DE COCODY,CITE PALMA / FACE RESTAURANT COUP DE FREIN,2026-02-14,2026-02-20,24H,UNPPCI,Africa/Abidjan
ph_a575428d5c43,HAVILA (EX PRINCIPALE),SECTION DE COCODY,CITE PALMA / FACE RESTAURANT COUP DE FREIN,2026-02-14,2026-02-20,24H,UNPPCI,Africa/Abidjan
ph_38329f47460c,IDUREIL,SECTION DE COCODY,CITE PALMA / FACE RESTAURANT COUP DE FREIN,2026-02-14,2026-02-20,24H,UNPPCI,Africa/Abidjan
ph_8cee3da988d0,NOTRE DAME DE LA NATIVITE,SECTION DE COCODY,CITE PALMA / FACE RESTAURANT COUP DE FREIN,2026-02-14,2026-02-20,24H,UNPPCI,Africa/Abidjan
ph_20c45a9ba6ba,ST ARMEL DU PALAIS,SECTION DE COCODY,CITE PALMA / FACE RESTAURANT COUP DE FREIN,2026-02-14,2026-02-20,24H,UNPPCI,Africa/Abidjan
ph_083a6790f041,STE MARIE DE LA CELLE,SECTION DE COCODY,CITE PALMA / FACE RESTAURANT COUP DE FREIN,2026-02-14,2026-02-20,24H,UNPPCI,Africa/Abidjan
ph_1c8ea42ac57a,BOULEVARD DE FRANCE,SECTION DE COCODY,COCODY,2026-02-14,2026-02-20,24H,UNPPCI,Africa/Abidjan
ph_8a6811e43723,DU LYCEE TECHNIQUE,SECTION DE COCODY,COCODY,2026-02-14,2026-02-20,24H,UNPPCI,Africa/Abidjan
ph_d798fd2cca5f,LA REDEMPTION SARLU,SECTION DE COCODY,DERRIERE LE MARCHE ET LA MOSQUEE DE LA DJIBI,2026-02-14,2026-02-20,24H,UNPPCI,Africa/Abidjan
ph_8a815f745392,BELLEVUE,SECTION DE COCODY,II PLATEAUX,2026-02-14,2026-02-20,24H,UNPPCI,Africa/Abidjan
ph_f65c1f41898a,EMERAUDE,SECTION DE COCODY,II PLATEAUX,2026-02-14,2026-02-20,24H,UNPPCI,Africa/Abidjan
ph_d1a99a295d15,ESPERANCE (NLLE),SECTION DE COCODY,II PLATEAUX,2026-02-14,2026-02-20,24H,UNPPCI,Africa/Abidjan
ph_2b49dba6140e,NOTRE DAME DU GRAND SIGNE,SECTION DE COCODY,II PLATEAUX,2026-02-14,2026-02-20,24H,UNPPCI,Africa/Abidjan
ph_c4f84b5d2798,RENAISSANCE,SECTION DE COCODY,II PLATEAUX,2026-02-14,2026-02-20,24H,UNPPCI,Africa/Abidjan
ph_8e5d1627f67c,ST GIL,SECTION DE COCODY,II PLATEAUX,2026-02-14,2026-02-20,24H,UNPPCI,Africa/Abidjan
ph_4dd221351c19,STAR 9 ANGRE M. YAO DOU N. PATERNE,SECTION DE COCODY,II PLATEAUX,2026-02-14,2026-02-20,24H,UNPPCI,Africa/Abidjan
ph_44fc0b999069,STE CECILE,SECTION DE COCODY,II PLATEAUX,2026-02-14,2026-02-20,24H,UNPPCI,Africa/Abidjan
ph_7a33dfb8a93a,STE MONIQUE,SECTION DE COCODY,II PLATEAUX,2026-02-14,2026-02-20,24H,UNPPCI,Africa/Abidjan
ph_3d6f0b7a3701,ANALYA,SECTION DE COCODY,RIVIERA,2026-02-14,2026-02-20,24H,UNPPCI,Africa/Abidjan
ph_e18aebbbee26,BD MITTERRAND,SECTION DE COCODY,RIVIERA,2026-02-14,2026-02-20,24H,UNPPCI,Africa/Abidjan
ph_dd199266b4bf,DU PATRIMOINE,SECTION DE COCODY,RIVIERA,2026-02-14,2026-02-20,24H,UNPPCI,Africa/Abidjan
ph_46d9fc149f72,ENICA,SECTION DE COCODY,RIVIERA,2026-02-14,2026-02-20,24H,UNPPCI,Africa/Abidjan
ph_dfac1e118bce,PALMERAIE SARL,SECTION DE COCODY,RIVIERA,2026-02-14,2026-02-20,24H,UNPPCI,Africa/Abidjan
ph_0a769664cf4a,RIVIERA M'BADON,SECTION DE COCODY,RIVIERA,2026-02-14,2026-02-20,24H,UNPPCI,Africa/Abidjan
ph_ac5a50ec9947,ST JEAN PAUL II DE BONOUMIN,SECTION DE COCODY,RIVIERA,2026-02-14,2026-02-20,24H,UNPPCI,Africa/Abidjan
ph_f9c6ed29304b,ST PIERRE D'ANONO,SECTION DE COCODY,RIVIERA,2026-02-14,2026-02-20,24H,UNPPCI,Africa/Abidjan
ph_3bd3a56d343e,TERA (NOUVELLE),SECTION DE COCODY,RIVIERA,2026-02-14,2026-02-20,24H,UNPPCI,Africa/Abidjan
ph_929e3da48bb1,VAL DE GRACE,SECTION DE COCODY,RIVIERA,2026-02-14,2026-02-20,24H,UNPPCI,Africa/Abidjan
ph_0b7f528a1be9,CATLEYAS,SECTION DE COCODY,ROUTE ABATTA / APRES SICTA QUARTIER ORIBAT,2026-02-14,2026-02-20,24H,UNPPCI,Africa/Abidjan
ph_50ff43ab073e,KELIAM,SECTION DE COCODY,ROUTE ABATTA / APRES SICTA QUARTIER ORIBAT,2026-02-14,2026-02-20,24H,UNPPCI,Africa/Abidjan
ph_95ee89f1d78a,ST MARTIN DE FAYA,SECTION DE COCODY,ROUTE ABATTA / APRES SICTA QUARTIER ORIBAT,2026-02-14,2026-02-20,24H,UNPPCI,Africa/Abidjan
ph_9df673750edb,BOULEVARD Y4,SECTION DE COCODY,ZONE AKOUEDO - PALMERAIE EXTENSION - ABATTA,2026-02-14,2026-02-20,24H,UNPPCI,Africa/Abidjan
ph_db38f83f683f,CEPHAS,SECTION DE COCODY,ZONE AKOUEDO - PALMERAIE EXTENSION - ABATTA,2026-02-14,2026-02-20,24H,UNPPCI,Africa/Abidjan
ph_40d3075a615d,LIVIE,SECTION DE COCODY,ZONE AKOUEDO - PALMERAIE EXTENSION - ABATTA,2026-02-14,2026-02-20,24H,UNPPCI,Africa/Abidjan
ph_b5d1ca81861a,DE LA BAGOE,SECTION DE KOUMASSI,DERRIERE LE MARCHE ET LA MOSQUEE DE LA DJIBI,2026-02-14,2026-02-20,24H,UNPPCI,Africa/Abidjan
ph_10ac64e7ef61,DE PRODOMO,SECTION DE KOUMASSI,DERRIERE LE MARCHE ET LA MOSQUEE DE LA DJIBI,2026-02-14,2026-02-20,24H,UNPPCI,Africa/Abidjan
ph_8a304ee9a4f5,FANNY,SECTION DE KOUMASSI,DERRIERE LE MARCHE ET LA MOSQUEE DE LA DJIBI,2026-02-14,2026-02-20,24H,UNPPCI,Africa/Abidjan
ph_b8b641ad4ad9,INCHALLAH,SECTION DE KOUMASSI,DERRIERE LE MARCHE ET LA MOSQUEE DE LA DJIBI,2026-02-14,2026-02-20,24H,UNPPCI,Africa/Abidjan
ph_792a154bb75c,MPIKE,SECTION DE KOUMASSI,DERRIERE LE MARCHE ET LA MOSQUEE DE LA DJIBI,2026-02-14,2026-02-20,24H,UNPPCI,Africa/Abidjan
ph_9387e7b58845,ST GEORGES,SECTION DE KOUMASSI,DERRIERE LE MARCHE ET LA MOSQUEE DE LA DJIBI,2026-02-14,2026-02-20,24H,UNPPCI,Africa/Abidjan
ph_4aacc6bb55f8,DU PONT D'ANOUMABO,SECTION DE MARCORY,ANOUMABO,2026-02-14,2026-02-20,24H,UNPPCI,Africa/Abidjan
ph_acbb9c24647d,DU PETIT MARCHE,SECTION DE MARCORY,MARCORY NORD,2026-02-14,2026-02-20,24H,UNPPCI,Africa/Abidjan
ph_84e23ce270d4,TIACOH,SECTION DE MARCORY,MARCORY NORD,2026-02-14,2026-02-20,24H,UNPPCI,Africa/Abidjan
ph_c31fa0b10987,TSF MARCORY,SECTION DE MARCORY,MARCORY NORD,2026-02-14,2026-02-20,24H,UNPPCI,Africa/Abidjan
ph_941fa35584d6,DE BIETRY,SECTION DE MARCORY,MARCORY SUD,2026-02-14,2026-02-20,24H,UNPPCI,Africa/Abidjan
ph_5674452dba51,DU CARREFOUR,SECTION DE MARCORY,MARCORY SUD,2026-02-14,2026-02-20,24H,UNPPCI,Africa/Abidjan
ph_56873a67b1b4,PIERRE & MARIE CURIE,SECTION DE MARCORY,MARCORY SUD,2026-02-14,2026-02-20,24H,UNPPCI,Africa/Abidjan
ph_c499cf9dd191,BELLEVILLE,SECTION DE PORT BOUET,ADJOUFFOU / GONZAQ / ANANI,2026-02-14,2026-02-20,24H,UNPPCI,Africa/Abidjan
ph_962d2c3634f7,ELOMA DE GONZAG,SECTION DE PORT BOUET,ADJOUFFOU / GONZAQ / ANANI,2026-02-14,2026-02-20,24H,UNPPCI,Africa/Abidjan
ph_48e7cf1d1315,RUE ABRAHAM - M. KAUNAN AMEDEE,SECTION DE PORT BOUET,ADJOUFFOU / GONZAQ / ANANI,2026-02-14,2026-02-20,24H,UNPPCI,Africa/Abidjan
ph_a7235d09f3ae,MALON,SECTION DE PORT BOUET,CENTRE,2026-02-14,2026-02-20,24H,UNPPCI,Africa/Abidjan
ph_338743054b9d,DE PORT - BOUET,SECTION DE PORT BOUET,CITE POLICIERE ROUTE DE VRIDI,2026-02-14,2026-02-20,24H,UNPPCI,Africa/Abidjan
ph_5cf914cdbf74,DE LA CITE POLICIERE,SECTION DE PORT BOUET,PORT BOUET QUARTIER,2026-02-14,2026-02-20,24H,UNPPCI,Africa/Abidjan
ph_0db55652de9a,VRIDI - VILLAGE,SECTION DE PORT BOUET,VRIDI,2026-02-14,2026-02-20,24H,UNPPCI,Africa/Abidjan
ph_72850dcb7d7b,DES 3 MOSQUEES,SECTION DE TREICHVILLE,DE GRAND BASSAM,2026-02-14,2026-02-20,24H,UNPPCI,Africa/Abidjan
ph_89934b2ab6f9,DES BRASSEURS,SECTION DE TREICHVILLE,DE GRAND BASSAM,2026-02-14,2026-02-20,24H,UNPPCI,Africa/Abidjan
ph_6f7a0e0e7df4,STE JEANNE,SECTION DE TREICHVILLE,DE GRAND BASSAM,2026-02-14,2026-02-20,24H,UNPPCI,Africa/Abidjan
ph_91fa4110ee95,DE LOCODJORO SARL,SECTION DE YOPOUGON,ABOBODOUME / LOCODJORO,2026-02-14,2026-02-20,24H,UNPPCI,Africa/Abidjan
ph_e015bb8c78e4,MARIAMA D'ALLOKOI,SECTION DE YOPOUGON,ALLOKOI PK 23,2026-02-14,2026-02-20,24H,UNPPCI,Africa/Abidjan
ph_2bf7721224fd,ST AUBIN D'AGBAYATE,SECTION DE YOPOUGON,APRES LE MARCHE EN ALLANT VERS ABOBODOUME,2026-02-14,2026-02-20,24H,UNPPCI,Africa/Abidjan
ph_57df352280fc,MICHEL ARCHANGE,SECTION DE YOPOUGON,BASE CIE / ENTREE FACE STATION PETRO IVOIRE,2026-02-14,2026-02-20,24H,UNPPCI,Africa/Abidjan
ph_0c04b25bd2a4,NIANGON LOKOA,SECTION DE YOPOUGON,BASE CIE / ENTREE FACE STATION PETRO IVOIRE,2026-02-14,2026-02-20,24H,UNPPCI,Africa/Abidjan
ph_21e423c0e12b,INOX,SECTION DE YOPOUGON,NOUVELLE SGBCI,2026-02-14,2026-02-20,24H,UNPPCI,Africa/Abidjan
ph_e7bfbc525024,MAMY ADJOUA,SECTION DE YOPOUGON,NOUVELLE SGBCI,2026-02-14,2026-02-20,24H,UNPPCI,Africa/Abidjan
ph_75f2a4da4ee0,ASSONVON,SECTION DE YOPOUGON,YOPOUGON,2026-02-14,2026-02-20,24H,UNPPCI,Africa/Abidjan
ph_7f846587d919,BEL AIR,SECTION DE YOPOUGON,YOPOUGON,2026-02-14,2026-02-20,24H,UNPPCI,Africa/Abidjan
ph_f9c5131fbc88,CHIGATA,SECTION DE YOPOUGON,YOPOUGON,2026-02-14,2026-02-20,24H,UNPPCI,Africa/Abidjan
ph_51a7977507b5,EDEN,SECTION DE YOPOUGON,YOPOUGON,2026-02-14,2026-02-20,24H,UNPPCI,Africa/Abidjan
ph_f69e2178765b,GESCO FOURRIERE (GRANDE),SECTION DE YOPOUGON,YOPOUGON,2026-02-14,2026-02-20,24H,UNPPCI,Africa/Abidjan
ph_d6bf92ada56a,PHALENES,SECTION DE YOPOUGON,YOPOUGON,2026-02-14,2026-02-20,24H,UNPPCI,Africa/Abidjan
ph_ab6f665da28b,SAINT PAUL YOP (NOUVELLE),SECTION DE YOPOUGON,YOPOUGON,2026-02-14,2026-02-20,24H,UNPPCI,Africa/Abidjan
ph_947a623bca10,ST ANDRE,SECTION DE YOPOUGON,YOPOUGON,2026-02-14,2026-02-20,24H,UNPPCI,Africa/Abidjan
ph_10930f2b610e,ST HERMANN,SECTION DE YOPOUGON,YOPOUGON,2026-02-14,2026-02-20,24H,UNPPCI,Africa/Abidjan
ph_82ebc8deeb53,SANDRINA,SECTION DE YOPOUGON,YOPOUGON CITE VERTE 100 M DU TERMINUS BUS 44,2026-02-14,2026-02-20,24H,UNPPCI,Africa/Abidjan
ph_d50c50d2c980,SOURALEY,SECTION DE YOPOUGON,YOPOUGON NON LOIN DE LA CITE MAMIE ADJOUA,2026-02-14,2026-02-20,24H,UNPPCI,Africa/Abidjan
ph_da87810917b6,ZONE INDUSTRIELLE,SECTION DE YOPOUGON,YOPOUGON NON LOIN DE LA CITE MAMIE ADJOUA,2026-02-14,2026-02-20,24H,UNPPCI,Africa/Abidjan
ph_0c133ec559ef,STE ANNE,SECTION DU PLATEAU,MARCORY SUD,2026-02-14,2026-02-20,24H,UNPPCI,Africa/Abidjan
ph_d26d13e9c2a3,LA VIERGE DU SIGNE,SECTION D'ABOBO,A 200 M DERRIERE LE COLLEGE GUICHANROLAIN,2026-02-21,2026-02-27,24H,UNPPCI,Africa/Abidjan
ph_a5d8dbf14d29,D'ABOBO BAOULE,SECTION D'ABOBO,ABOBO COLATIER SUR LA VOIE MENANT A AKEIKOI,2026-02-21,2026-02-27,24H,UNPPCI,Africa/Abidjan
ph_0116c7e189ba,DU DOKUI (GDE),SECTION D'ABOBO,ABOBO COLATIER SUR LA VOIE MENANT A AKEIKOI,2026-02-21,2026-02-27,24H,UNPPCI,Africa/Abidjan
ph_2e642a0983d5,KENNEDY,SECTION D'ABOBO,ABOBO COLATIER SUR LA VOIE MENANT A AKEIKOI,2026-02-21,2026-02-27,24H,UNPPCI,Africa/Abidjan
ph_992886d2f6a0,MARIE ESTHER ABOBO,SECTION D'ABOBO,ABOBO COLATIER SUR LA VOIE MENANT A AKEIKOI,2026-02-21,2026-02-27,24H,UNPPCI,Africa/Abidjan
ph_5273a83c7899,MIRIA (NOUVELLE),SECTION D'ABOBO,ABOBO COLATIER SUR LA VOIE MENANT A AKEIKOI,2026-02-21,2026-02-27,24H,UNPPCI,Africa/Abidjan
ph_a45c0cf4c951,PETIT MARCHE DU DOKUI,SECTION D'ABOBO,ABOBO COLATIER SUR LA VOIE MENANT A AKEIKOI,2026-02-21,2026-02-27,24H,UNPPCI,Africa/Abidjan
ph_55f042228404,RAHMAN,SECTION D'ABOBO,ABOBO COLATIER SUR LA VOIE MENANT A AKEIKOI,2026-02-21,2026-02-27,24H,UNPPCI,Africa/Abidjan
ph_4b64d467fb0b,RESIDENTIEL ABOBOTE,SECTION D'ABOBO,ABOBO COLATIER SUR LA VOIE MENANT A AKEIKOI,2026-02-21,2026-02-27,24H,UNPPCI,Africa/Abidjan
ph_d19f65117059,SOGEFIHA,SECTION D'ABOBO,ABOBO COLATIER SUR LA VOIE MENANT A AKEIKOI,2026-02-21,2026-02-27,24H,UNPPCI,Africa/Abidjan
ph_7d6e87163bb9,TEHOUA,SECTION D'ABOBO,ABOBO COLATIER SUR LA VOIE MENANT A AKEIKOI,2026-02-21,2026-02-27,24H,UNPPCI,Africa/Abidjan
ph_526aaf281cbf,BELLE CITE,SECTION D'ABOBO,ABOBO NGUESSANKOI / DERRIERE LA STATION ORYX,2026-02-21,2026-02-27,24H,UNPPCI,Africa/Abidjan
ph_073ad3404786,DU RAIL,SECTION D'ABOBO,ABOBO NGUESSANKOI / DERRIERE LA STATION ORYX,2026-02-21,2026-02-27,24H,UNPPCI,Africa/Abidjan
ph_03ba70bf7034,SERVIR,SECTION D'ABOBO,ABOBO NGUESSANKOI / DERRIERE LA STATION ORYX,2026-02-21,2026-02-27,24H,UNPPCI,Africa/Abidjan
ph_0dc009e33a63,AMINA T,SECTION D'ABOBO,ABOBO PK 18,2026-02-21,2026-02-27,24H,UNPPCI,Africa/Abidjan
ph_eb6febc30906,CARREFOUR DIALLO,SECTION D'ABOBO,ABOBO PK 18,2026-02-21,2026-02-27,24H,UNPPCI,Africa/Abidjan
ph_0c254d09fe23,CARREFOUR NDOTRE,SECTION D'ABOBO,ABOBO PK 18,2026-02-21,2026-02-27,24H,UNPPCI,Africa/Abidjan
ph_c368bec2b207,RESIDENCE ABOBO PK 18,SECTION D'ABOBO,ABOBO PK 18,2026-02-21,2026-02-27,24H,UNPPCI,Africa/Abidjan
ph_e6769a4c00a4,SAINT FRANCOIS,SECTION D'ABOBO,ABOBO PK 18,2026-02-21,2026-02-27,24H,UNPPCI,Africa/Abidjan
ph_ce51735982a4,ROUTE AKEIKOI,SECTION D'ABOBO,ABOBO QUARTIER BC TERMINUS DES WOROS WOROS,2026-02-21,2026-02-27,24H,UNPPCI,Africa/Abidjan
ph_14ab3a6459a3,DE BROFODOUME,SECTION D'ABOBO,ALEPE / MONTEZO / BROFODOUME,2026-02-21,2026-02-27,24H,UNPPCI,Africa/Abidjan
ph_b22b6561518b,DU CHATEAU,SECTION D'ABOBO,ANYAMA,2026-02-21,2026-02-27,24H,UNPPCI,Africa/Abidjan
ph_fabc78adfa46,LE LABELLE,SECTION D'ABOBO,ANYAMA,2026-02-21,2026-02-27,24H,UNPPCI,Africa/Abidjan
ph_936d9860ed2a,ROUTE D'ANYAMA (NVLLE),SECTION D'ABOBO,ANYAMA,2026-02-21,2026-02-27,24H,UNPPCI,Africa/Abidjan
ph_5aa1991a826a,ADJAME BRACODI,SECTION D'ADJAME,ADJAME CENTRE,2026-02-21,2026-02-27,24H,UNPPCI,Africa/Abidjan
ph_c5dbe6786f66,ADJAME LATIN,SECTION D'ADJAME,ADJAME CENTRE,2026-02-21,2026-02-27,24H,UNPPCI,Africa/Abidjan
ph_5c99f58108ab,DU CHATEAU D'EAU,SECTION D'ADJAME,ADJAME CENTRE,2026-02-21,2026-02-27,24H,UNPPCI,Africa/Abidjan
ph_6240c5e982e0,FRATERNITE (NVLLE),SECTION D'ADJAME,ADJAME CENTRE,2026-02-21,2026-02-27,24H,UNPPCI,Africa/Abidjan
ph_eb325691b2c3,GBEDE,SECTION D'ADJAME,ADJAME CENTRE,2026-02-21,2026-02-27,24H,UNPPCI,Africa/Abidjan
ph_ab8514f5ec9c,MAKISSI,SECTION D'ADJAME,ADJAME CENTRE,2026-02-21,2026-02-27,24H,UNPPCI,Africa/Abidjan
ph_8fd5bb7160f6,QUARTIER EBRIE,SECTION D'ADJAME,ADJAME CENTRE,2026-02-21,2026-02-27,24H,UNPPCI,Africa/Abidjan
ph_a6ae671baea3,ST MICHEL,SECTION D'ADJAME,ADJAME CENTRE,2026-02-21,2026-02-27,24H,UNPPCI,Africa/Abidjan
ph_67698d8ec641,CHRIST STELLA,SECTION D'ADJAME,ATTECOUBE,2026-02-21,2026-02-27,24H,UNPPCI,Africa/Abidjan
ph_b1e20652a663,DU ROND POINT,SECTION D'ADJAME,ATTECOUBE,2026-02-21,2026-02-27,24H,UNPPCI,Africa/Abidjan
ph_2fda9c015b12,SEBROKO SARL,SECTION D'ADJAME,ATTECOUBE,2026-02-21,2026-02-27,24H,UNPPCI,Africa/Abidjan
ph_d8df518874e2,CARREFOUR HMA,SECTION D'ADJAME,WILLIAMSVILLE,2026-02-21,2026-02-27,24H,UNPPCI,Africa/Abidjan
ph_acd2b7e44dc4,DU PROGRES,SECTION D'ADJAME,WILLIAMSVILLE,2026-02-21,2026-02-27,24H,UNPPCI,Africa/Abidjan
ph_1b04a337f04b,LES ARUMS,SECTION DE COCODY,ANGRE MAHOU A LA RUE DES BARS,2026-02-21,2026-02-27,24H,UNPPCI,Africa/Abidjan
ph_31472f697458,LUMINANCE K,SECTION DE COCODY,ANGRE MAHOU A LA RUE DES BARS,2026-02-21,2026-02-27,24H,UNPPCI,Africa/Abidjan
ph_9e72d8ee520e,ST CHRISTOPHE,SECTION DE COCODY,ANGRE MAHOU A LA RUE DES BARS,2026-02-21,2026-02-27,24H,UNPPCI,Africa/Abidjan
ph_6b3261d5a8e1,STE DOROTHEE,SECTION DE COCODY,ANGRE MAHOU A LA RUE DES BARS,2026-02-21,2026-02-27,24H,UNPPCI,Africa/Abidjan
ph_874dc20f5dbb,STE HARMONY,SECTION DE COCODY,ANGRE MAHOU A LA RUE DES BARS,2026-02-21,2026-02-27,24H,UNPPCI,Africa/Abidjan
ph_713d51849050,AKANDJE,SECTION DE COCODY,BINGERVILLE,2026-02-21,2026-02-27,24H,UNPPCI,Africa/Abidjan
ph_57a43b40d6a8,AMARYLLIS,SECTION DE COCODY,BINGERVILLE,2026-02-21,2026-02-27,24H,UNPPCI,Africa/Abidjan
ph_f275ec5eb866,DU MARCHE,SECTION DE COCODY,BINGERVILLE,2026-02-21,2026-02-27,24H,UNPPCI,Africa/Abidjan
ph_18e1b860d463,IDUREIL,SECTION DE COCODY,BINGERVILLE,2026-02-21,2026-02-27,24H,UNPPCI,Africa/Abidjan
ph_e3e0b1768c4c,LES COLOMBES,SECTION DE COCODY,BINGERVILLE,2026-02-21,2026-02-27,24H,UNPPCI,Africa/Abidjan
ph_3b00f6270249,MOTTO,SECTION DE COCODY,BINGERVILLE,2026-02-21,2026-02-27,24H,UNPPCI,Africa/Abidjan
ph_303a64f49caf,NISSI (NOUVELLE),SECTION DE COCODY,BINGERVILLE,2026-02-21,2026-02-27,24H,UNPPCI,Africa/Abidjan
ph_db8e987380c4,DE COCODY,SECTION DE COCODY,CENTRE COMMERCIAL DE LA CITE DES ARTS,2026-02-21,2026-02-27,24H,UNPPCI,Africa/Abidjan
ph_70e4764bcfce,DES ARTS (GDE),SECTION DE COCODY,COCODY,2026-02-21,2026-02-27,24H,UNPPCI,Africa/Abidjan
ph_7102315c1808,ARC EN CIEL,SECTION DE COCODY,COCODY 2 PLATEAUX - AGBAN / ROUTE WILLIAMSVILLE,2026-02-21,2026-02-27,24H,UNPPCI,Africa/Abidjan
ph_51147d97d2aa,LES TULIPES,SECTION DE COCODY,COCODY 2 PLATEAUX - AGBAN / ROUTE WILLIAMSVILLE,2026-02-21,2026-02-27,24H,UNPPCI,Africa/Abidjan
ph_683e54239363,ORCHID,SECTION DE COCODY,COCODY 2 PLATEAUX - AGBAN / ROUTE WILLIAMSVILLE,2026-02-21,2026-02-27,24H,UNPPCI,Africa/Abidjan
ph_3b3ed92473ed,ST AMBROISE,SECTION DE COCODY,COCODY 2 PLATEAUX - AGBAN / ROUTE WILLIAMSVILLE,2026-02-21,2026-02-27,24H,UNPPCI,Africa/Abidjan
ph_82f003ee6127,BONNE SANTE,SECTION DE COCODY,II PLATEAUX,2026-02-21,2026-02-27,24H,UNPPCI,Africa/Abidjan
ph_644d71eb2aef,BETHEL - ATTOBAN,SECTION DE COCODY,RIVIERA,2026-02-21,2026-02-27,24H,UNPPCI,Africa/Abidjan
ph_137c5559d2e4,DE L'IMMACULEE CONCEPTION,SECTION DE COCODY,RIVIERA,2026-02-21,2026-02-27,24H,UNPPCI,Africa/Abidjan
ph_a7a7c299a0f6,DUNIA (NOUVELLE),SECTION DE COCODY,RIVIERA,2026-02-21,2026-02-27,24H,UNPPCI,Africa/Abidjan
ph_e873977ca712,BONOUMIN (NVLLE),SECTION DE COCODY,RIVIERA 3 SYNACASSCI ROUTE DE MBADON,2026-02-21,2026-02-27,24H,UNPPCI,Africa/Abidjan
ph_bee0b6da96e7,MARIE ESTHER (GRANDE),SECTION DE COCODY,RIVIERA 3 SYNACASSCI ROUTE DE MBADON,2026-02-21,2026-02-27,24H,UNPPCI,Africa/Abidjan
ph_0e3da4ba0094,RUE MINISTRE (NVELLE),SECTION DE COCODY,RIVIERA 3 SYNACASSCI ROUTE DE MBADON,2026-02-21,2026-02-27,24H,UNPPCI,Africa/Abidjan
ph_6e1a2bef046c,ST MOISE (GDE),SECTION DE COCODY,RIVIERA 3 SYNACASSCI ROUTE DE MBADON,2026-02-21,2026-02-27,24H,UNPPCI,Africa/Abidjan
ph_103e3ab839a5,ST VIATEUR,SECTION DE COCODY,RIVIERA 3 SYNACASSCI ROUTE DE MBADON,2026-02-21,2026-02-27,24H,UNPPCI,Africa/Abidjan
ph_c2b232fc83a5,BON PASTEUR,SECTION DE COCODY,RIVIERA ATTOBAN FACE COLLEGE JULES FERRY,2026-02-21,2026-02-27,24H,UNPPCI,Africa/Abidjan
ph_173343585957,DES CITES SYNACASSI SARL,SECTION DE COCODY,RIVIERA ATTOBAN FACE COLLEGE JULES FERRY,2026-02-21,2026-02-27,24H,UNPPCI,Africa/Abidjan
ph_d86c05f3f94a,CITE SIR,SECTION DE COCODY,ZONE AKOUEDO - PALMERAIE EXTENSION - ABATTA,2026-02-21,2026-02-27,24H,UNPPCI,Africa/Abidjan
ph_104ec2d11231,CYD NIKO DES LAURIERS,SECTION DE COCODY,ZONE AKOUEDO - PALMERAIE EXTENSION - ABATTA,2026-02-21,2026-02-27,24H,UNPPCI,Africa/Abidjan
ph_9151ddaeb501,HOSANNA,SECTION DE COCODY,ZONE AKOUEDO - PALMERAIE EXTENSION - ABATTA,2026-02-21,2026-02-27,24H,UNPPCI,Africa/Abidjan
ph_4937e127e271,KAMON N'SIO,SECTION DE COCODY,ZONE AKOUEDO - PALMERAIE EXTENSION - ABATTA,2026-02-21,2026-02-27,24H,UNPPCI,Africa/Abidjan
ph_94f45d88e380,LAURIER 9,SECTION DE COCODY,ZONE AKOUEDO - PALMERAIE EXTENSION - ABATTA,2026-02-21,2026-02-27,24H,UNPPCI,Africa/Abidjan
ph_40a428cadddb,ROUTE D'ABATTA,SECTION DE COCODY,ZONE AKOUEDO - PALMERAIE EXTENSION - ABATTA,2026-02-21,2026-02-27,24H,UNPPCI,Africa/Abidjan
ph_23a852be1194,DU CANAL,SECTION DE KOUMASSI,ANGRE MAHOU A LA RUE DES BARS,2026-02-21,2026-02-27,24H,UNPPCI,Africa/Abidjan
ph_d19d8266ccc3,EL RAPHA DE ZOE BRUNO,SECTION DE KOUMASSI,ANGRE MAHOU A LA RUE DES BARS,2026-02-21,2026-02-27,24H,UNPPCI,Africa/Abidjan
ph_9a9199229b2d,DE SOPIM,SECTION DE KOUMASSI,KOUMASSI CARREFOUR HOPITAL DE SOWETO,2026-02-21,2026-02-27,24H,UNPPCI,Africa/Abidjan
ph_8ed26f0dbbc2,IROKO (GDE),SECTION DE KOUMASSI,KOUMASSI CARREFOUR HOPITAL DE SOWETO,2026-02-21,2026-02-27,24H,UNPPCI,Africa/Abidjan
ph_973cc5ec8e12,ST ALBERT,SECTION DE KOUMASSI,KOUMASSI CARREFOUR HOPITAL DE SOWETO,2026-02-21,2026-02-27,24H,UNPPCI,Africa/Abidjan
ph_3a56ae9ca895,STE FOI,SECTION DE KOUMASSI,KOUMASSI CARREFOUR HOPITAL DE SOWETO,2026-02-21,2026-02-27,24H,UNPPCI,Africa/Abidjan
ph_4858f9a27fdf,ROMA D'ANOUMABO,SECTION DE MARCORY,ANOUMABO,2026-02-21,2026-02-27,24H,UNPPCI,Africa/Abidjan
ph_a327e9f6efe5,BETHESDA RESIDENTIELLE,SECTION DE MARCORY,MARCORY NORD,2026-02-21,2026-02-27,24H,UNPPCI,Africa/Abidjan
ph_4d28e246a76e,DU GRAND MARCHE DE MARCORY,SECTION DE MARCORY,MARCORY NORD,2026-02-21,2026-02-27,24H,UNPPCI,Africa/Abidjan
ph_7ad800ec5da0,STE THERESE,SECTION DE MARCORY,MARCORY NORD,2026-02-21,2026-02-27,24H,UNPPCI,Africa/Abidjan
ph_a3803f48aa4b,DE LA GALERIE,SECTION DE MARCORY,MARCORY SUD,2026-02-21,2026-02-27,24H,UNPPCI,Africa/Abidjan
ph_1f4906261546,NOTRE DAME D'AFRIQUE,SECTION DE MARCORY,MARCORY SUD,2026-02-21,2026-02-27,24H,UNPPCI,Africa/Abidjan
ph_2b0748886271,ST ANTOINE,SECTION DE MARCORY,MARCORY SUD,2026-02-21,2026-02-27,24H,UNPPCI,Africa/Abidjan
ph_9f092da9cbc4,SANTE POUR TOUS,SECTION DE PORT BOUET,ADJOUFFOU / GONZAQ / ANANI,2026-02-21,2026-02-27,24H,UNPPCI,Africa/Abidjan
ph_545543e97d29,ST LOUIS DE GONZAG,SECTION DE PORT BOUET,ADJOUFFOU / GONZAQ / ANANI,2026-02-21,2026-02-27,24H,UNPPCI,Africa/Abidjan
ph_5c173d3595b1,DE L'OCEAN,SECTION DE PORT BOUET,CENTRE,2026-02-21,2026-02-27,24H,UNPPCI,Africa/Abidjan
ph_40ea136cfac5,ST AMBROISE,SECTION DE PORT BOUET,CENTRE,2026-02-21,2026-02-27,24H,UNPPCI,Africa/Abidjan
ph_e23939b118e4,DE LA BENEDICTION,SECTION DE PORT BOUET,FACE LYCEE MUNICIPAL DE GONZAG,2026-02-21,2026-02-27,24H,UNPPCI,Africa/Abidjan
ph_c6e6f14f3fe2,DJIGUI,SECTION DE PORT BOUET,PORT BOUET SOGEFIHA FACE AU STADE SENI FOFANA,2026-02-21,2026-02-27,24H,UNPPCI,Africa/Abidjan
ph_3833f99c0914,EPIPHANIE,SECTION DE PORT BOUET,VRIDI,2026-02-21,2026-02-27,24H,UNPPCI,Africa/Abidjan
ph_808f95923cee,DU LEVANT,SECTION DE TREICHVILLE,FACE LYCEE MUNICIPAL DE GONZAG,2026-02-21,2026-02-27,24H,UNPPCI,Africa/Abidjan
ph_4549ecea48d5,LA GRACE (NLLE),SECTION DE TREICHVILLE,FACE LYCEE MUNICIPAL DE GONZAG,2026-02-21,2026-02-27,24H,UNPPCI,Africa/Abidjan
ph_5ad091fab067,STE ADELE,SECTION DE TREICHVILLE,FACE LYCEE MUNICIPAL DE GONZAG,2026-02-21,2026-02-27,24H,UNPPCI,Africa/Abidjan
ph_2b23f8142e7d,D'ABOBODOUME,SECTION DE YOPOUGON,ABOBODOUME / LOCODJORO,2026-02-21,2026-02-27,24H,UNPPCI,Africa/Abidjan
ph_e015bb8c78e4,MARIAMA D'ALLOKOI,SECTION DE YOPOUGON,ALLOKOI PK 23,2026-02-21,2026-02-27,24H,UNPPCI,Africa/Abidjan
ph_64c92a071aeb,MERE DE GRACES,SECTION DE YOPOUGON,CARREFOUR DES GBAKAS,2026-02-21,2026-02-27,24H,UNPPCI,Africa/Abidjan
ph_25748940692a,CARREFOUR KOWEIT,SECTION DE YOPOUGON,EPP BANCO IIX,2026-02-21,2026-02-27,24H,UNPPCI,Africa/Abidjan
ph_60a772622147,NIKIBEL,SECTION DE YOPOUGON,EPP BANCO IIX,2026-02-21,2026-02-27,24H,UNPPCI,Africa/Abidjan
ph_31eb4cba4966,YACINE,SECTION DE YOPOUGON,EPP BANCO IIX,2026-02-21,2026-02-27,24H,UNPPCI,Africa/Abidjan
ph_32a3df8720c5,ALICIA,SECTION DE YOPOUGON,TOIT ROUGE / ROUTE ABOBODOUME,2026-02-21,2026-02-27,24H,UNPPCI,Africa/Abidjan
ph_182f8c2403dc,BETHEL DE BEAGO,SECTION DE YOPOUGON,TOIT ROUGE / ROUTE ABOBODOUME,2026-02-21,2026-02-27,24H,UNPPCI,Africa/Abidjan
ph_82182ada3585,CARREFOUR COMMISSAIRE MICAO,SECTION DE YOPOUGON,TOIT ROUGE / ROUTE ABOBODOUME,2026-02-21,2026-02-27,24H,UNPPCI,Africa/Abidjan
ph_0f47b24c34b2,DE LA FELICITE,SECTION DE YOPOUGON,TOIT ROUGE / ROUTE ABOBODOUME,2026-02-21,2026-02-27,24H,UNPPCI,Africa/Abidjan
ph_6ca4a46492bf,DE PORT BOUET 2 SARL (NVLLE),SECTION DE YOPOUGON,TOIT ROUGE / ROUTE ABOBODOUME,2026-02-21,2026-02-27,24H,UNPPCI,Africa/Abidjan
ph_763cf9bd1eab,JERICHO,SECTION DE YOPOUGON,TOIT ROUGE / ROUTE ABOBODOUME,2026-02-21,2026-02-27,24H,UNPPCI,Africa/Abidjan
ph_5fbb82eb43c3,MATY,SECTION DE YOPOUGON,TOIT ROUGE / ROUTE ABOBODOUME,2026-02-21,2026-02-27,24H,UNPPCI,Africa/Abidjan
ph_58574770a4e9,SANTE PLUS,SECTION DE YOPOUGON,TOIT ROUGE / ROUTE ABOBODOUME,2026-02-21,2026-02-27,24H,UNPPCI,Africa/Abidjan
ph_c89c50b92aab,SIDECI - - LEM,SECTION DE YOPOUGON,TOIT ROUGE / ROUTE ABOBODOUME,2026-02-21,2026-02-27,24H,UNPPCI,Africa/Abidjan
ph_fbfba2e14d08,ST CLEMENT,SECTION DE YOPOUGON,TOIT ROUGE / ROUTE ABOBODOUME,2026-02-21,2026-02-27,24H,UNPPCI,Africa/Abidjan
ph_8e06854d7b6d,ST LAURENT,SECTION DE YOPOUGON,TOIT ROUGE / ROUTE ABOBODOUME,2026-02-21,2026-02-27,24H,UNPPCI,Africa/Abidjan
ph_69fd706984c5,DE L'AMITIE (GDE),SECTION DE YOPOUGON,YOPOUGON,2026-02-21,2026-02-27,24H,UNPPCI,Africa/Abidjan
ph_33116627547a,TEREZA,SECTION DE YOPOUGON,YOPOUGON,2026-02-21,2026-02-27,24H,UNPPCI,Africa/Abidjan
ph_dbd7da285b5e,WILLIAM PONTY,SECTION DE YOPOUGON,YOPOUGON,2026-02-21,2026-02-27,24H,UNPPCI,Africa/Abidjan
ph_5ce482ccf835,LES HARMONIES (NVLLE),SECTION DU PLATEAU,MARCORY SUD,2026-02-21,2026-02-27,24H,UNPPCI,Africa/Abidjan
ph_65c6657cd24f,CARREFOUR KOBAKRO,SECTION D'ABOBO,ABOBO PK 18,2026-02-28,2026-03-06,24H,UNPPCI,Africa/Abidjan
ph_341b06598b6c,CONCORDE PK 18,SECTION D'ABOBO,ABOBO PK 18,2026-02-28,2026-03-06,24H,UNPPCI,Africa/Abidjan
ph_ec76c96be9c1,ESPERANCE,SECTION D'ABOBO,ABOBO PK 18,2026-02-28,2026-03-06,24H,UNPPCI,Africa/Abidjan
ph_f07e5d884e03,MILIE HEVIE,SECTION D'ABOBO,ABOBO PK 18,2026-02-28,2026-03-06,24H,UNPPCI,Africa/Abidjan
ph_d58909f83b2f,N'DOTRE PALMERAIE 2,SECTION D'ABOBO,ABOBO PK 18,2026-02-28,2026-03-06,24H,UNPPCI,Africa/Abidjan
ph_6512413482f1,OLYMPIQUE,SECTION D'ABOBO,ABOBO PK 18,2026-02-28,2026-03-06,24H,UNPPCI,Africa/Abidjan
ph_da1394ff3614,D'ALEPE,SECTION D'ABOBO,ALEPE / MONTEZO / BROFODOUME,2026-02-28,2026-03-06,24H,UNPPCI,Africa/Abidjan
ph_abcefb197701,BELLEVILLE,SECTION D'ABOBO,ANYAMA,2026-02-28,2026-03-06,24H,UNPPCI,Africa/Abidjan
ph_d512598545fc,D'ANYAMA (NOUVELLE),SECTION D'ABOBO,ANYAMA,2026-02-28,2026-03-06,24H,UNPPCI,Africa/Abidjan
ph_47e6cd0f57b5,MEYDEBA,SECTION D'ABOBO,ANYAMA,2026-02-28,2026-03-06,24H,UNPPCI,Africa/Abidjan
ph_e38fca5dbabe,ABOBO GRAND MARCHE,SECTION D'ABOBO,TOIT ROUGE / ROUTE ABOBODOUME,2026-02-28,2026-03-06,24H,UNPPCI,Africa/Abidjan
ph_d55277f031aa,ACTUELLE,SECTION D'ABOBO,TOIT ROUGE / ROUTE ABOBODOUME,2026-02-28,2026-03-06,24H,UNPPCI,Africa/Abidjan
ph_e261185e636e,AL - FATIH,SECTION D'ABOBO,TOIT ROUGE / ROUTE ABOBODOUME,2026-02-28,2026-03-06,24H,UNPPCI,Africa/Abidjan
ph_d4bf710b4846,BARAKA,SECTION D'ABOBO,TOIT ROUGE / ROUTE ABOBODOUME,2026-02-28,2026-03-06,24H,UNPPCI,Africa/Abidjan
ph_34e70fef5ca5,CARREFOUR ANADOR,SECTION D'ABOBO,TOIT ROUGE / ROUTE ABOBODOUME,2026-02-28,2026-03-06,24H,UNPPCI,Africa/Abidjan
ph_8169e8d77b42,DE LA MAIRIE ABOBO,SECTION D'ABOBO,TOIT ROUGE / ROUTE ABOBODOUME,2026-02-28,2026-03-06,24H,UNPPCI,Africa/Abidjan
ph_d9c484766415,FADYL,SECTION D'ABOBO,TOIT ROUGE / ROUTE ABOBODOUME,2026-02-28,2026-03-06,24H,UNPPCI,Africa/Abidjan
ph_5d8263297c20,MAGNIFICAT,SECTION D'ABOBO,TOIT ROUGE / ROUTE ABOBODOUME,2026-02-28,2026-03-06,24H,UNPPCI,Africa/Abidjan
ph_eb8a0f14de67,NOUR D'ABOBO,SECTION D'ABOBO,TOIT ROUGE / ROUTE ABOBODOUME,2026-02-28,2026-03-06,24H,UNPPCI,Africa/Abidjan
ph_89c1555f8b09,NOURAM,SECTION D'ABOBO,TOIT ROUGE / ROUTE ABOBODOUME,2026-02-28,2026-03-06,24H,UNPPCI,Africa/Abidjan
ph_04264e831026,ROUTE D'ALEPE,SECTION D'ABOBO,TOIT ROUGE / ROUTE ABOBODOUME,2026-02-28,2026-03-06,24H,UNPPCI,Africa/Abidjan
ph_7d5eaeceea21,STE CROIX,SECTION D'ABOBO,TOIT ROUGE / ROUTE ABOBODOUME,2026-02-28,2026-03-06,24H,UNPPCI,Africa/Abidjan
ph_4114911c3bb8,STE ODILE,SECTION D'ABOBO,TOIT ROUGE / ROUTE ABOBODOUME,2026-02-28,2026-03-06,24H,UNPPCI,Africa/Abidjan
ph_cdfb327ef9e4,YARAPHA,SECTION D'ABOBO,TOIT ROUGE / ROUTE ABOBODOUME,2026-02-28,2026-03-06,24H,UNPPCI,Africa/Abidjan
ph_15b6664ade92,DE LA MAIRIE,SECTION D'ADJAME,ADJAME CENTRE,2026-02-28,2026-03-06,24H,UNPPCI,Africa/Abidjan
ph_a25fb441c725,DU BANCO,SECTION D'ADJAME,ADJAME CENTRE,2026-02-28,2026-03-06,24H,UNPPCI,Africa/Abidjan
ph_514394b7a2f1,DU MANGUIER (GRDE),SECTION D'ADJAME,ADJAME CENTRE,2026-02-28,2026-03-06,24H,UNPPCI,Africa/Abidjan
ph_611147f23f92,DU ROCHER,SECTION D'ADJAME,ADJAME CENTRE,2026-02-28,2026-03-06,24H,UNPPCI,Africa/Abidjan
ph_b71a7fd2131d,DU TRIOMPHE,SECTION D'ADJAME,ADJAME CENTRE,2026-02-28,2026-03-06,24H,UNPPCI,Africa/Abidjan
ph_803ad92a9b97,LE BELIER,SECTION D'ADJAME,ADJAME CENTRE,2026-02-28,2026-03-06,24H,UNPPCI,Africa/Abidjan
ph_bf6fc237a11f,D'AGBAN,SECTION D'ADJAME,ATTECOUBE,2026-02-28,2026-03-06,24H,UNPPCI,Africa/Abidjan
ph_ac2e373c54fa,MONTANA,SECTION D'ADJAME,ATTECOUBE,2026-02-28,2026-03-06,24H,UNPPCI,Africa/Abidjan
ph_3f74d760ac2e,REHOBOTH,SECTION D'ADJAME,ATTECOUBE,2026-02-28,2026-03-06,24H,UNPPCI,Africa/Abidjan
ph_42fe28d68f9a,STE MARIE D'ADJAME,SECTION D'ADJAME,PRES DE LA GARE UTB ADJAME,2026-02-28,2026-03-06,24H,UNPPCI,Africa/Abidjan
ph_63dc7796a749,AIMESS,SECTION D'ADJAME,WILLIAMSVILLE,2026-02-28,2026-03-06,24H,UNPPCI,Africa/Abidjan
ph_ed336f784e54,L'EMMANUEL,SECTION D'ADJAME,WILLIAMSVILLE / ROUTE MACACI / FACE CRS,2026-02-28,2026-03-06,24H,UNPPCI,Africa/Abidjan
ph_8fece0d09c93,DU CHATEAU D'EAU D'ANGRE,SECTION DE COCODY,ANGRE DJIBI RUE DU MARCHE COCOVICO,2026-02-28,2026-03-06,24H,UNPPCI,Africa/Abidjan
ph_4cc26553c47f,NOTRE DAME DE LA VISITATION,SECTION DE COCODY,BD LATRILLE / CARREFOUR ROUTE DU ZOO,2026-02-28,2026-03-06,24H,UNPPCI,Africa/Abidjan
ph_a03ba53f8879,MARINA,SECTION DE COCODY,BINGERVILLE,2026-02-28,2026-03-06,24H,UNPPCI,Africa/Abidjan
ph_a2831364c5e9,AKANDJE,SECTION DE COCODY,CITE MARINA CARREFOUR SYNDICAT,2026-02-28,2026-03-06,24H,UNPPCI,Africa/Abidjan
ph_6ba487cff8f6,CARREFOUR SANTE,SECTION DE COCODY,CITE MARINA CARREFOUR SYNDICAT,2026-02-28,2026-03-06,24H,UNPPCI,Africa/Abidjan
ph_e0a92da36876,DE GBAGBA (GDE),SECTION DE COCODY,CITE MARINA CARREFOUR SYNDICAT,2026-02-28,2026-03-06,24H,UNPPCI,Africa/Abidjan
ph_e78e6cf00acc,IDUREIL,SECTION DE COCODY,CITE MARINA CARREFOUR SYNDICAT,2026-02-28,2026-03-06,24H,UNPPCI,Africa/Abidjan
ph_07b56aacc642,SAINTS ANDRE ET MARTHE,SECTION DE COCODY,CITE MARINA CARREFOUR SYNDICAT,2026-02-28,2026-03-06,24H,UNPPCI,Africa/Abidjan
ph_74044bd5dff8,STE MARIE DE LA CELLE,SECTION DE COCODY,CITE MARINA CARREFOUR SYNDICAT,2026-02-28,2026-03-06,24H,UNPPCI,Africa/Abidjan
ph_b2e1101ff039,NOTRE DAME DE LA PIETE,SECTION DE COCODY,COCODY,2026-02-28,2026-03-06,24H,UNPPCI,Africa/Abidjan
ph_797eddc2a165,ST FRANCOIS DE DANGA,SECTION DE COCODY,COCODY,2026-02-28,2026-03-06,24H,UNPPCI,Africa/Abidjan
ph_f54902f18aae,ESPACE SANTE,SECTION DE COCODY,II PLATEAUX,2026-02-28,2026-03-06,24H,UNPPCI,Africa/Abidjan
ph_6f080cf1adb9,APPAUL,SECTION DE COCODY,II PLATEAUX FACE AU 12ÈME ARRONDISSEMENT,2026-02-28,2026-03-06,24H,UNPPCI,Africa/Abidjan
ph_543316a69700,BEL HORIZON,SECTION DE COCODY,II PLATEAUX FACE AU 12ÈME ARRONDISSEMENT,2026-02-28,2026-03-06,24H,UNPPCI,Africa/Abidjan
ph_1198e6a6560c,EMMANUEL,SECTION DE COCODY,II PLATEAUX FACE AU 12ÈME ARRONDISSEMENT,2026-02-28,2026-03-06,24H,UNPPCI,Africa/Abidjan
ph_2a4bf1cfe7fd,LAS PALMAS,SECTION DE COCODY,II PLATEAUX FACE AU 12ÈME ARRONDISSEMENT,2026-02-28,2026-03-06,24H,UNPPCI,Africa/Abidjan
ph_acf45cbc20db,LATRILLE,SECTION DE COCODY,II PLATEAUX FACE AU 12ÈME ARRONDISSEMENT,2026-02-28,2026-03-06,24H,UNPPCI,Africa/Abidjan
ph_7f72054e323f,SAINT ANGE DES AMIS,SECTION DE COCODY,II PLATEAUX FACE AU 12ÈME ARRONDISSEMENT,2026-02-28,2026-03-06,24H,UNPPCI,Africa/Abidjan
ph_b6129bef3369,LES ELIAS,SECTION DE COCODY,RIVIERA,2026-02-28,2026-03-06,24H,UNPPCI,Africa/Abidjan
ph_991d374826d7,LES JARDINS D'EDEN,SECTION DE COCODY,RIVIERA,2026-02-28,2026-03-06,24H,UNPPCI,Africa/Abidjan
ph_b7f552b018a0,LES ROSIERS,SECTION DE COCODY,RIVIERA,2026-02-28,2026-03-06,24H,UNPPCI,Africa/Abidjan
ph_7ed65c818404,MARTHE ROBIN,SECTION DE COCODY,RIVIERA,2026-02-28,2026-03-06,24H,UNPPCI,Africa/Abidjan
ph_14a6fdec51b2,ST ANGE,SECTION DE COCODY,RIVIERA,2026-02-28,2026-03-06,24H,UNPPCI,Africa/Abidjan
ph_b3ff074f5909,ST BERNARD,SECTION DE COCODY,RIVIERA,2026-02-28,2026-03-06,24H,UNPPCI,Africa/Abidjan
ph_46b50ff3f5b9,ST PAUL,SECTION DE COCODY,RIVIERA,2026-02-28,2026-03-06,24H,UNPPCI,Africa/Abidjan
ph_54a3ecd611c8,STE AGATHE,SECTION DE COCODY,RIVIERA,2026-02-28,2026-03-06,24H,UNPPCI,Africa/Abidjan
ph_ac69d35d10fb,STE AGNES,SECTION DE COCODY,RIVIERA,2026-02-28,2026-03-06,24H,UNPPCI,Africa/Abidjan
ph_71896be1dcdd,STE CLEMENTINE,SECTION DE COCODY,RIVIERA,2026-02-28,2026-03-06,24H,UNPPCI,Africa/Abidjan
ph_a228319a4470,CADUCEE MODERNE,SECTION DE COCODY,ZONE AKOUEDO - PALMERAIE EXTENSION - ABATTA,2026-02-28,2026-03-06,24H,UNPPCI,Africa/Abidjan
ph_067234062464,ELIEZER,SECTION DE COCODY,ZONE AKOUEDO - PALMERAIE EXTENSION - ABATTA,2026-02-28,2026-03-06,24H,UNPPCI,Africa/Abidjan
ph_4de1faadd995,EPHRATA,SECTION DE COCODY,ZONE AKOUEDO - PALMERAIE EXTENSION - ABATTA,2026-02-28,2026-03-06,24H,UNPPCI,Africa/Abidjan
ph_ee9e7a7f16b3,KANNIEN,SECTION DE COCODY,ZONE AKOUEDO - PALMERAIE EXTENSION - ABATTA,2026-02-28,2026-03-06,24H,UNPPCI,Africa/Abidjan
ph_44da724185ed,LA BENEDICTION,SECTION DE COCODY,ZONE AKOUEDO - PALMERAIE EXTENSION - ABATTA,2026-02-28,2026-03-06,24H,UNPPCI,Africa/Abidjan
ph_5d264607d0e8,STE ANNE D'ABATTA,SECTION DE COCODY,ZONE AKOUEDO - PALMERAIE EXTENSION - ABATTA,2026-02-28,2026-03-06,24H,UNPPCI,Africa/Abidjan
ph_be63b692365b,BENIABIE,SECTION DE KOUMASSI,ANGRE DJIBI RUE DU MARCHE COCOVICO,2026-02-28,2026-03-06,24H,UNPPCI,Africa/Abidjan
ph_4514c56fed72,DE KOUMASSI,SECTION DE KOUMASSI,ANGRE DJIBI RUE DU MARCHE COCOVICO,2026-02-28,2026-03-06,24H,UNPPCI,Africa/Abidjan
ph_367db6dbf113,DES SABLES,SECTION DE KOUMASSI,ANGRE DJIBI RUE DU MARCHE COCOVICO,2026-02-28,2026-03-06,24H,UNPPCI,Africa/Abidjan
ph_ccac233565c3,QUARTIER DIVO,SECTION DE KOUMASSI,ANGRE DJIBI RUE DU MARCHE COCOVICO,2026-02-28,2026-03-06,24H,UNPPCI,Africa/Abidjan
ph_a5ed1493d621,SAINT LOUIS,SECTION DE KOUMASSI,ANGRE DJIBI RUE DU MARCHE COCOVICO,2026-02-28,2026-03-06,24H,UNPPCI,Africa/Abidjan
ph_67c5b55b17d0,ST JOSEPH ARTISAN (NVLLE),SECTION DE KOUMASSI,ANGRE DJIBI RUE DU MARCHE COCOVICO,2026-02-28,2026-03-06,24H,UNPPCI,Africa/Abidjan
ph_08ae5af129ee,JEHOVA - JIRE SARL - U,SECTION DE MARCORY,ANOUMABO,2026-02-28,2026-03-06,24H,UNPPCI,Africa/Abidjan
ph_b5d3b437fee1,IMMACULEE,SECTION DE MARCORY,JUSTE A COTE DE REALKEBAB,2026-02-28,2026-03-06,24H,UNPPCI,Africa/Abidjan
ph_4eab28320cf8,DES LAGUNES,SECTION DE MARCORY,MARCORY NORD,2026-02-28,2026-03-06,24H,UNPPCI,Africa/Abidjan
ph_0e0db7db5d5d,ELISHAMA,SECTION DE MARCORY,MARCORY NORD,2026-02-28,2026-03-06,24H,UNPPCI,Africa/Abidjan
ph_16cabd688c99,LILY MARIE,SECTION DE MARCORY,MARCORY NORD,2026-02-28,2026-03-06,24H,UNPPCI,Africa/Abidjan
ph_9f0fa32ac630,KAEMILLA,SECTION DE MARCORY,MARCORY SUD,2026-02-28,2026-03-06,24H,UNPPCI,Africa/Abidjan
ph_67afee46b354,LANGEVIN,SECTION DE MARCORY,MARCORY SUD,2026-02-28,2026-03-06,24H,UNPPCI,Africa/Abidjan
ph_989145f89823,DES PLAGES,SECTION DE PORT BOUET,ADJOUFFOU / GONZAQ / ANANI,2026-02-28,2026-03-06,24H,UNPPCI,Africa/Abidjan
ph_b80902468737,DU PHARE (NVLLE),SECTION DE PORT BOUET,CENTRE,2026-02-28,2026-03-06,24H,UNPPCI,Africa/Abidjan
ph_8ff7933717cc,WHARF SARL,SECTION DE PORT BOUET,CENTRE,2026-02-28,2026-03-06,24H,UNPPCI,Africa/Abidjan
ph_6c7befb9cbf0,BALTIQUE,SECTION DE PORT BOUET,GRANDE MOSQUEE,2026-02-28,2026-03-06,24H,UNPPCI,Africa/Abidjan
ph_73503892b5b0,CHATELET,SECTION DE PORT BOUET,PORT BOUET ADJOUFFOU / ROUTE DE BASSAM,2026-02-28,2026-03-06,24H,UNPPCI,Africa/Abidjan
ph_4580e72009ad,KOFFI KRA,SECTION DE PORT BOUET,PORT BOUET ADJOUFFOU / ROUTE DE BASSAM,2026-02-28,2026-03-06,24H,UNPPCI,Africa/Abidjan
ph_6b9e72073c2e,VRIDI PALM - BEACH,SECTION DE PORT BOUET,VRIDI,2026-02-28,2026-03-06,24H,UNPPCI,Africa/Abidjan
ph_f1a1977f6c2c,DU GRAND MARCHE,SECTION DE TREICHVILLE,PORT BOUET ADJOUFFOU / ROUTE DE BASSAM,2026-02-28,2026-03-06,24H,UNPPCI,Africa/Abidjan
ph_c52a3713a071,MEROUANE,SECTION DE TREICHVILLE,PORT BOUET ADJOUFFOU / ROUTE DE BASSAM,2026-02-28,2026-03-06,24H,UNPPCI,Africa/Abidjan
ph_2b64008bf07a,ROCHE,SECTION DE TREICHVILLE,PORT BOUET ADJOUFFOU / ROUTE DE BASSAM,2026-02-28,2026-03-06,24H,UNPPCI,Africa/Abidjan
ph_e6cff5e76cb6,NOTRE DAME DES VICTOIRES,SECTION DE YOPOUGON,ABOBODOUME / LOCODJORO,2026-02-28,2026-03-06,24H,UNPPCI,Africa/Abidjan
ph_e015bb8c78e4,MARIAMA D'ALLOKOI,SECTION DE YOPOUGON,ALLOKOI PK 23,2026-02-28,2026-03-06,24H,UNPPCI,Africa/Abidjan
ph_4a01b96197b2,ST ETIENNE (NOUVELLE),SECTION DE YOPOUGON,EN ALLANT VERS TOITS - ROUGES,2026-02-28,2026-03-06,24H,UNPPCI,Africa/Abidjan
ph_08e6c5e08086,D'ANDOKOI,SECTION DE YOPOUGON,FACE STATION PETRO IVOIRE,2026-02-28,2026-03-06,24H,UNPPCI,Africa/Abidjan
ph_82d1621f0080,DU 16EME (GRDE),SECTION DE YOPOUGON,FACE STATION PETRO IVOIRE,2026-02-28,2026-03-06,24H,UNPPCI,Africa/Abidjan
ph_86330bdc5fae,ANADOR,SECTION DE YOPOUGON,SUPERMARCHE SUPECO ET LA MOSQUEE,2026-02-28,2026-03-06,24H,UNPPCI,Africa/Abidjan
ph_c36f1ff27d00,ANANERAIE,SECTION DE YOPOUGON,SUPERMARCHE SUPECO ET LA MOSQUEE,2026-02-28,2026-03-06,24H,UNPPCI,Africa/Abidjan
ph_88d6499b02cf,CARREFOUR GHANDI,SECTION DE YOPOUGON,SUPERMARCHE SUPECO ET LA MOSQUEE,2026-02-28,2026-03-06,24H,UNPPCI,Africa/Abidjan
ph_b6476c41a585,DE SION,SECTION DE YOPOUGON,SUPERMARCHE SUPECO ET LA MOSQUEE,2026-02-28,2026-03-06,24H,UNPPCI,Africa/Abidjan
ph_8c8e98422637,DU CENACLE M. BROU ARSENE,SECTION DE YOPOUGON,SUPERMARCHE SUPECO ET LA MOSQUEE,2026-02-28,2026-03-06,24H,UNPPCI,Africa/Abidjan
ph_8c6cce91ed4a,DU NOUVEAU MARCHE DE PORT - BOUET II (EX VALORS),SECTION DE YOPOUGON,SUPERMARCHE SUPECO ET LA MOSQUEE,2026-02-28,2026-03-06,24H,UNPPCI,Africa/Abidjan
ph_975cf792965a,ESPERANCE,SECTION DE YOPOUGON,SUPERMARCHE SUPECO ET LA MOSQUEE,2026-02-28,2026-03-06,24H,UNPPCI,Africa/Abidjan
ph_ae2fb78e860f,LEA,SECTION DE YOPOUGON,SUPERMARCHE SUPECO ET LA MOSQUEE,2026-02-28,2026-03-06,24H,UNPPCI,Africa/Abidjan
ph_ad2aee76a2eb,NANKOKO,SECTION DE YOPOUGON,SUPERMARCHE SUPECO ET LA MOSQUEE,2026-02-28,2026-03-06,24H,UNPPCI,Africa/Abidjan
ph_60cc1dd45ec7,SACRE COEUR,SECTION DE YOPOUGON,SUPERMARCHE SUPECO ET LA MOSQUEE,2026-02-28,2026-03-06,24H,UNPPCI,Africa/Abidjan
ph_ceea2d3dcafa,ST JOSEPH ACADEMIE,SECTION DE YOPOUGON,SUPERMARCHE SUPECO ET LA MOSQUEE,2026-02-28,2026-03-06,24H,UNPPCI,Africa/Abidjan
ph_efc11c95addc,ZONE MICAO,SECTION DE YOPOUGON,SUPERMARCHE SUPECO ET LA MOSQUEE,2026-02-28,2026-03-06,24H,UNPPCI,Africa/Abidjan
ph_a55abbb4b4f0,DE LA MAIRIE,SECTION DE YOPOUGON,YOPOUGON,2026-02-28,2026-03-06,24H,UNPPCI,Africa/Abidjan
ph_b2b7fdafd7fa,ST ANGE EMMANUEL,SECTION DE YOPOUGON,YOPOUGON,2026-02-28,2026-03-06,24H,UNPPCI,Africa/Abidjan
ph_b56ab79249a1,DU MILLIONNAIRE,SECTION DE YOPOUGON,YOPOUGON SICOGI,2026-02-28,2026-03-06,24H,UNPPCI,Africa/Abidjan
ph_3a67bdeb663f,DE LA GARE SUD,SECTION DU PLATEAU,JUSTE A COTE DE REALKEBAB,2026-02-28,2026-03-06,24H,UNPPCI,Africa/Abidjan
